Agent,Alter,Ausrüster,Gelb-Rote Karten,Gelbe Karten,Grösse,Im Team seit,Marktwert,Minuten,Name,Position,Rote Karten,Tore,Total Spiele,URL,Verein,Vorlagen,Wechsel von,*Wechsel von*,*Verein*
Footuro AG,21,Nike Nike Magista Obra II,0,3,,11.01.2018,6000000.0,<function Minuten at 0x1153ad950>,D. Nikolic,Torwart,0,0,45,http://www.transfermarkt.ch/djordje-nikolic/profil/spieler/274344,FC Thun,0,FC Basel 1893,FC Basel,FC Thun
ESHA,20,,0,6,,15.01.2018,5000000.0,<function Minuten at 0x1153ad950>,D. Schmid,Mittelfeld - Offensives Mittelfeld,0,11,84,http://www.transfermarkt.ch/dominik-schmid/profil/spieler/359409,FC Lausanne-Sport,1,FC Basel 1893,FC Basel,FC Lausanne-Sport
Sportfront GmbH,24,Nike Nike Magista Obra II,0,6,,05.07.2018,6500000.0,<function Minuten at 0x1153ad950>,M. Salvi,Torwart,0,0,150,http://www.transfermarkt.ch/mirko-salvi/profil/spieler/147027,FC Luzern,0,Grasshopper Club Zürich,Grasshopper Club Zürich,FC Luzern
Gol de Classe,21,,0,25,,26.02.2018,3000000.0,<function Minuten at 0x1153ad950>,P. Pacheco,Abwehr - Innenverteidiger,1,3,90,http://www.transfermarkt.ch/pedro-pacheco/profil/spieler/290508,FC Rapperswil-Jona,1,FC Basel 1893,FC Basel,FC Rapperswil-Jona
Sportfront GmbH,23,,0,13,,22.06.2018,5000000.0,<function Minuten at 0x1153ad950>,R. Kapic,Mittelfeld - Zentrales Mittelfeld,0,18,84,http://www.transfermarkt.ch/rifet-kapic/profil/spieler/251676,Sheriff Tiraspol,5,Grasshopper Club Zürich,Grasshopper Club Zürich,Sheriff Tiraspol
4You,23,,1,20,,01.07.2018,2500000.0,<function Minuten at 0x1153ad950>,M. Fasko,Mittelfeld - Zentrales Mittelfeld,0,20,132,http://www.transfermarkt.ch/michal-fasko/profil/spieler/178914,Eintracht Braunschweig,11,Grasshopper Club Zürich,Grasshopper Club Zürich,Eintracht Braunschweig
,23,,1,17,,14.07.2018,1500000.0,<function Minuten at 0x1153ad950>,E. Zidane,Mittelfeld - Offensives Mittelfeld,0,10,106,http://www.transfermarkt.ch/enzo-zidane/profil/spieler/106825,CF Rayo Majadahonda,19,FC Lausanne-Sport,FC FC Lausanne-Sport,CF Rayo Majadahonda
,22, ,1,7,,29.01.2018,2000000.0,<function Minuten at 0x1153ad950>,Y. Bnou Marzouk,Sturm - Mittelstürmer,0,36,101,http://www.transfermarkt.ch/younes-bnou-marzouk/profil/spieler/265573,Dalkurd FF,5,FC Lugano,FC Lugano,Dalkurd FF
,19,,1,6,,01.07.2018,1000000.0,<function Minuten at 0x1153ad950>,S. Guidotti,Mittelfeld - Defensives Mittelfeld,0,5,31,http://www.transfermarkt.ch/stefano-guidotti/profil/spieler/396405,FC Chiasso,0,FC Lugano,FC Lugano,FC Chiasso
GROUPE USM,24,Nike Nike Mercurial Superfly 360,0,14,,10.07.2018,6000000.0,<function Minuten at 0x1153ad950>,D. Follonier,Mittelfeld - Rechtes Mittelfeld,1,30,140,http://www.transfermarkt.ch/daniel-follonier/profil/spieler/194978,Servette FC,12,FC Luzern,FC Luzern,Servette FC
vonV3,20, ,0,3,,01.07.2018,1000000.0,<function Minuten at 0x1153ad950>,S. Enzler,Torwart,0,0,100,http://www.transfermarkt.ch/simon-enzler/profil/spieler/237664,SC Kriens,0,FC Luzern,FC Luzern,SC Kriens
Footuro AG,20,,0,17,,01.07.2018,2000000.0,<function Minuten at 0x1153ad950>,D. Ulrich,Mittelfeld - Rechtes Mittelfeld,1,19,106,http://www.transfermarkt.ch/dario-ulrich/profil/spieler/290040,SC Kriens,8,FC Luzern,FC Luzern,SC Kriens
SOCCER MONDIAL,21,Nike Nike Magista Obra II,2,9,,11.01.2018,2250000.0,<function Minuten at 0x1153ad950>,A. Grgic,Mittelfeld - Zentrales Mittelfeld,0,9,114,http://www.transfermarkt.ch/anto-grgic/profil/spieler/192637,FC Sion,10,VfB Stuttgart,VfB Stuttgart,FC Sion
ohne Berater,22,Nike Nike Magista Obra II,0,17,,18.01.2018,4000000.0,<function Minuten at 0x1153ad950>,N. Milosavljevic,Mittelfeld - Zentrales Mittelfeld,0,6,144,http://www.transfermarkt.ch/nikola-milosavljevic/profil/spieler/317835,FC Winterthur,5,FC Sion,FC Sion,FC Winterthur
ROYAL,21,Nike Nike Hypervenom Phantom III,0,8,,16.07.2018,3000000.0,<function Minuten at 0x1153ad950>,S. Gönitzer,Abwehr - Linker Verteidiger,1,2,100,http://www.transfermarkt.ch/silvan-gonitzer/profil/spieler/211693,FC Rapperswil-Jona,5,FC St. Gallen 1879,FC St. Gallen 1879 1879,FC Rapperswil-Jona
ohne Berater,20,Nike Nike Mercurial Superfly 360,0,11,,16.03.2018,4000000.0,<function Minuten at 0x1153ad950>,B. Babic,Sturm - Mittelstürmer,1,40,110,http://www.transfermarkt.ch/boris-babic/profil/spieler/237660,FC Vaduz,4,FC St. Gallen 1879,FC St. Gallen 1879 1879,FC Vaduz
Sportfront GmbH,21,,0,13,,01.07.2018,1500000.0,<function Minuten at 0x1153ad950>,E. Alessandrini,Abwehr - Innenverteidiger,0,5,57,http://www.transfermarkt.ch/elia-alessandrini/profil/spieler/237659,FC Chiasso,0,BSC Young Boys U21,BSC Young Boys U21,FC Chiasso
Familienangehörige,22, ,0,18,,12.01.2018,2500000.0,<function Minuten at 0x1153ad950>,M. Dangubic,Sturm - Mittelstürmer,0,41,96,http://www.transfermarkt.ch/marko-dangubic/profil/spieler/192647,FC Köniz,1,BSC Young Boys,BSC Young Boys,FC Köniz
IFM,21,Nike Nike Mercurial Vapor 360,1,18,,01.07.2018,5250000.0,<function Minuten at 0x1153ad950>,K. Duah,Mittelfeld - Rechtes Mittelfeld,0,33,126,http://www.transfermarkt.ch/kwadwo-duah/profil/spieler/254955,Servette FC,2,BSC Young Boys,BSC Young Boys,Servette FC
Shkumbin Qormemeti,21,Nike Nike Mercurial Superfly 360,0,2,,16.07.2018,2500000.0,<function Minuten at 0x1153ad950>,Taulant Seferi,Mittelfeld - Linkes Mittelfeld,0,10,68,http://www.transfermarkt.ch/taulant-seferi/profil/spieler/254985,FC Winterthur,2,BSC Young Boys,BSC Young Boys,FC Winterthur
IFM,21, ,1,17,,01.07.2018,3000000.0,<function Minuten at 0x1153ad950>,L. Obexer,Abwehr - Linker Verteidiger,0,3,82,http://www.transfermarkt.ch/linus-obexer/profil/spieler/254972,FC Aarau,2,BSC Young Boys,BSC Young Boys,FC Aarau
ohne Berater,23,,0,6,,09.08.2017,2500000.0,<function Minuten at 0x1153ad950>,A. Simonyan,Mittelfeld - Offensives Mittelfeld,0,7,67,http://www.transfermarkt.ch/artem-simonyan/profil/spieler/235349,Alashkert Yerevan,11,FC Zürich,FC Zürich,Alashkert Yerevan
Louis Laros,29,,1,37,,01.07.2017,3000000.0,<function Minuten at 0x1153ad950>,R. van Wolfswinkel,Sturm - Mittelstürmer,0,138,354,http://www.transfermarkt.ch/ricky-van-wolfswinkel/profil/spieler/41355,FC Basel 1893,28,Vitesse Arnheim,Vitesse Arnheim,FC Basel
Giallanza Sport,29, ,0,50,,01.01.2018,2250000.0,<function Minuten at 0x1153ad950>,F. Frei,Mittelfeld - Defensives Mittelfeld,1,73,457,http://www.transfermarkt.ch/fabian-frei/profil/spieler/52595,FC Basel 1893,62,1.FSV Mainz 05,1.FSV Mainz 05,FC Basel
ESHA,21,Nike Nike Mercurial Superfly 360,0,17,,02.10.2017,5000000.0,<function Minuten at 0x1153ad950>,A. Ajeti,Sturm - Mittelstürmer,0,64,172,http://www.transfermarkt.ch/albian-ajeti/profil/spieler/195906,FC Basel 1893,16,FC St. Gallen,FC St. Gallen 1879,FC Basel
SOCCER MONDIAL,20,Nike Nike Hypervenom Phantom III,0,11,,01.07.2018,6000000.0,<function Minuten at 0x1153ad950>,D. Oberlin,Sturm - Mittelstürmer,1,44,130,http://www.transfermarkt.ch/dimitri-oberlin/profil/spieler/212718,FC Basel 1893,14,RB Salzburg,RB Salzburg,FC Basel
IFM,29,Nike Nike Magista Obra II,1,64,,10.01.2018,1500000.0,<function Minuten at 0x1153ad950>,V. Stocker,Mittelfeld - Offensives Mittelfeld,2,96,407,http://www.transfermarkt.ch/valentin-stocker/profil/spieler/45178,FC Basel 1893,100,Hertha BSC,Hertha BSC,FC Basel
,26,Nike Nike Magista Obra II,2,48,,31.08.2016,2500000.0,<function Minuten at 0x1153ad950>,L. Lacroix,Abwehr - Innenverteidiger,3,4,191,http://www.transfermarkt.ch/leo-lacroix/profil/spieler/149652,AS Saint-Étienne,2,FC Basel,FC Basel,AS Saint-Étienne
Familienangehörige,23,,0,9,,01.01.2018,2500000.0,<function Minuten at 0x1153ad950>,S. Campo,Mittelfeld - Offensives Mittelfeld,0,26,142,http://www.transfermarkt.ch/samuele-campo/profil/spieler/183446,FC Basel 1893,23,Lausanne-Sport,FC Lausanne-Sport,FC Basel
Sport 7,23,Vereinslos,0,2,,09.01.2018,2000000.0,<function Minuten at 0x1153ad950>,S. Antonio,Torwart,0,0,36,http://www.transfermarkt.ch/signori-antonio/profil/spieler/147029,FC Basel 1893,0,Vereinslos,Vereinslos,FC Basel
,18,,0,3,,31.01.2018,4000000.0,<function Minuten at 0x1153ad950>,N. Okafor,Sturm - Linksaußen,0,14,51,http://www.transfermarkt.ch/noah-okafor/profil/spieler/346890,FC Basel 1893,4,FC Basel U21,FC Basel U21,FC Basel
AR Sport Management,24,Nike Nike Mercurial Superfly 360,0,20,,03.01.2018,7500000.0,<function Minuten at 0x1153ad950>,A. Sporar,Sturm - Mittelstürmer,0,77,187,http://www.transfermarkt.ch/andraz-sporar/profil/spieler/179860,Slovan Bratislava,26,FC Basel,FC Basel,Slovan Bratislava
IFM,18,,0,3,,20.04.2018,,<function Minuten at 0x1153ad950>,Y. Marchand,Mittelfeld - Zentrales Mittelfeld,0,3,30,http://www.transfermarkt.ch/yannick-marchand/profil/spieler/346882,FC Basel 1893,0,FC Basel U18,FC Basel U18,FC Basel
REAL PRO Football Consultant,19,,0,13,,01.07.2017,3000000.0,<function Minuten at 0x1153ad950>,A. Pululu,Sturm - Mittelstürmer,0,34,68,http://www.transfermarkt.ch/afimico-pululu/profil/spieler/410649,FC Basel 1893,3,FC Basel U21,FC Basel U21,FC Basel
IFM,21, ,0,16,,01.07.2018,1250000.0,<function Minuten at 0x1153ad950>,C. Itten,Sturm - Mittelstürmer,0,47,157,http://www.transfermarkt.ch/cedric-itten/profil/spieler/243856,FC St. Gallen 1879,17,FC Basel,FC Basel,FC St. Gallen 1879
SOCCERNATION GROUP,20, ,1,5,,16.03.2018,2500000.0,<function Minuten at 0x1153ad950>,Y. Kaiser,Abwehr - Innenverteidiger,0,9,74,http://www.transfermarkt.ch/yves-kaiser/profil/spieler/294595,FC Basel 1893,0,FC Basel U21,FC Basel U21,FC Basel
SOCCER MONDIAL,21,Nike Nike Mercurial Vapor 360,1,23,,01.07.2017,5000000.0,<function Minuten at 0x1153ad950>,N. Manzambi,Sturm - Mittelstürmer,0,43,124,http://www.transfermarkt.ch/neftali-manzambi/profil/spieler/211453,FC Basel 1893,6,FC Basel U21,FC Basel U21,FC Basel
Stellar Football Ltd,24,,0,15,,01.07.2017,2000000.0,<function Minuten at 0x1153ad950>,J. Boëtius,Sturm - Linksaußen,0,40,193,http://www.transfermarkt.ch/jean-paul-boetius/profil/spieler/182574,Feyenoord Rotterdam,35,FC Basel,FC Basel,Feyenoord Rotterdam
IFM,22,Nike Nike Mercurial Superfly 360,0,5,,01.07.2017,6000000.0,<function Minuten at 0x1153ad950>,N. Hunziker,Sturm - Mittelstürmer,0,28,108,http://www.transfermarkt.ch/nicolas-hunziker/profil/spieler/184193,FC Thun,4,FC Basel,FC Basel,FC Thun
Graf Sports International,23,,0,11,,12.02.2018,4000000.0,<function Minuten at 0x1153ad950>,V. Simic,Mittelfeld - Offensives Mittelfeld,1,9,105,http://www.transfermarkt.ch/veljko-simic/profil/spieler/190268,FK Zemun,5,Vereinslos,Vereinslos,FK Zemun
ECS.,20,Nike Nike Tiempo Legend VII FG,0,13,,01.07.2016,1250000.0,<function Minuten at 0x1153ad950>,E. Cümart,Abwehr - Innenverteidiger,0,8,81,http://www.transfermarkt.ch/eray-cumart/profil/spieler/298583,FC Basel 1893,2,FC Sion,FC Sion,FC Basel
IFM,22,Nike Nike Magista Obra II,1,15,,15.01.2018,,<function Minuten at 0x1153ad950>,M. Akanji,Abwehr - Innenverteidiger,0,8,151,http://www.transfermarkt.ch/manuel-akanji/profil/spieler/284730,Borussia Dortmund,5,FC Basel,FC Basel,Borussia Dortmund
Kögl & Partner GmbH,26,Nike Nike Mercurial Superfly 360,3,68,,10.01.2018,3500000.0,<function Minuten at 0x1153ad950>,R. Steffen,Mittelfeld - Rechtes Mittelfeld,4,59,291,http://www.transfermarkt.ch/renato-steffen/profil/spieler/194638,VfL Wolfsburg,43,FC Basel,FC Basel,VfL Wolfsburg
Wasserman Netherlands,35,,2,72,,06.02.2018,5000000.0,<function Minuten at 0x1153ad950>,M. Janko,Sturm - Mittelstürmer,2,213,428,http://www.transfermarkt.ch/marc-janko/profil/spieler/8073,FC Lugano,43,Sparta Prag,Sparta Prag,FC Lugano
people in sport,27,,0,21,,01.07.2017,1500000.0,<function Minuten at 0x1153ad950>,D. Höegh,Abwehr - Innenverteidiger,1,12,187,http://www.transfermarkt.ch/daniel-hoegh/profil/spieler/99100,SC Heerenveen,4,FC Basel,FC Basel,SC Heerenveen
TTMIB Worldwide Management Network,26,,0,22,,12.07.2018,6000000.0,<function Minuten at 0x1153ad950>,O. Gaber,Abwehr - Rechter Verteidiger,0,13,185,http://www.transfermarkt.ch/omar-gaber/profil/spieler/144340,Pyramids FC,18,Los Angeles FC,Los Angeles FC,Pyramids FC
Vlado Bozinoski,28,,0,39,,14.08.2017,9000000.0,<function Minuten at 0x1153ad950>,A. Traoré,Abwehr - Linker Verteidiger,2,6,233,http://www.transfermarkt.ch/adama-traore/profil/spieler/70209,Göztepe,14,FC Basel,FC Basel,Göztepe
MD Management,24,,0,10,,04.07.2018,1000000.0,<function Minuten at 0x1153ad950>,A. Fransson,Mittelfeld - Defensives Mittelfeld,0,15,192,http://www.transfermarkt.ch/alexander-fransson/profil/spieler/238056,IFK Norrköping,16,FC Basel,FC Basel,IFK Norrköping
World Sports Management Agency,20,Nike Nike Mercurial Vapor 360,0,7,,05.07.2018,4000000.0,<function Minuten at 0x1153ad950>,D. Kutesa,Mittelfeld - Linkes Mittelfeld,0,20,106,http://www.transfermarkt.ch/dereck-kutesa/profil/spieler/237669,FC St. Gallen 1879,7,FC Basel,FC Basel,FC St. Gallen 1879
Eduardo Emilio Delgado,35,,1,33,,30.07.2017,,<function Minuten at 0x1153ad950>,M. Delgado,Mittelfeld - Offensives Mittelfeld,1,111,392,http://www.transfermarkt.ch/matias-delgado/profil/spieler/8886,Karriereende,87,FC Basel,FC Basel,Karriereende
Universal Management SA,30,,2,29,,01.01.2018,3500000.0,<function Minuten at 0x1153ad950>,S. Doumbia,Sturm - Mittelstürmer,0,194,345,http://www.transfermarkt.ch/seydou-doumbia/profil/spieler/75287,Sporting Lissabon,61,AS Rom,AS Rom,Sporting Lissabon
,21, ,0,12,,01.07.2018,5000000.0,<function Minuten at 0x1153ad950>,S. Doumbia,Abwehr - Linker Verteidiger,0,0,51,http://www.transfermarkt.ch/souleyman-doumbia/profil/spieler/296356,Grasshopper Club Zürich,3,FC Bari 1908,FC Bari 1908,Grasshopper Club Zürich
ohne Berater,24,,0,7,,01.07.2018,1000000.0,<function Minuten at 0x1153ad950>,J. Ngongo,Torwart,3,0,132,http://www.transfermarkt.ch/joao-ngongo/profil/spieler/198483,Vereinslos,0,Grasshoppers,Grasshopper Club Zürich,Vereinslos
SOCCER MONDIAL,24,,1,19,,01.07.2018,4000000.0,<function Minuten at 0x1153ad950>,A. Avdijaj,Sturm - Mittelstürmer,0,72,188,http://www.transfermarkt.ch/albion-avdijaj/profil/spieler/159001,Vereinslos,20,Grasshoppers,Grasshopper Club Zürich,Vereinslos
Media Base Sports,30,,0,14,,09.07.2017,1000000.0,<function Minuten at 0x1153ad950>,Jeffren,Sturm - Rechtsaußen,0,22,205,http://www.transfermarkt.ch/jeffren/profil/spieler/53309,Grasshopper Club Zürich,14,KAS Eupen,KAS Eupen,Grasshopper Club Zürich
Allinvest Management,27,,0,32,,22.07.2017,8000000.0,<function Minuten at 0x1153ad950>,N. Bahoui,Sturm - Linksaußen,0,56,195,http://www.transfermarkt.ch/nabil-bahoui/profil/spieler/93184,Grasshopper Club Zürich,34,AIK Solna,AIK Solna,Grasshopper Club Zürich
HAGMAYR Sportmanagement,28,Nike Nike Magista Obra II,0,15,,01.07.2017,2000000.0,<function Minuten at 0x1153ad950>,H. Lindner,Torwart,0,0,304,http://www.transfermarkt.ch/heinz-lindner/profil/spieler/59082,Grasshopper Club Zürich,0,E. Frankfurt,E. Frankfurt,Grasshopper Club Zürich
ESHA,25,Nike Nike Mercurial Superfly 360,1,23,,16.01.2018,4000000.0,<function Minuten at 0x1153ad950>,G. Taipi,Mittelfeld - Offensives Mittelfeld,2,27,209,http://www.transfermarkt.ch/gjelbrim-taipi/profil/spieler/190459,Grasshopper Club Zürich,35,FC St. Gallen,FC St. Gallen 1879,Grasshopper Club Zürich
Mela Kodro,24,Nike Nike Mercurial Vapor 360,0,19,,03.07.2018,2000000.0,<function Minuten at 0x1153ad950>,K. Kodro,Sturm - Mittelstürmer,0,38,191,http://www.transfermarkt.ch/kenan-kodro/profil/spieler/197126,FC Kopenhagen,7,1.FSV Mainz 05,1.FSV Mainz 05,FC Kopenhagen
D.M management,23,,0,6,,16.02.2018,2500000.0,<function Minuten at 0x1153ad950>,A. Cvetkovic,Abwehr - Innenverteidiger,1,4,82,http://www.transfermarkt.ch/aleksandar-cvetkovic/profil/spieler/262093,Grasshopper Club Zürich,1,FC Wohlen,FC Wohlen,Grasshopper Club Zürich
Familienangehörige,26, ,0,31,,13.07.2018,1000000.0,<function Minuten at 0x1153ad950>,T. Sainsbury,Abwehr - Innenverteidiger,2,5,162,http://www.transfermarkt.ch/trent-sainsbury/profil/spieler/145840,Jiangsu Suning Reserves,5,JS Suning,JS Suning,Jiangsu Suning Reserves
ohne Berater,25, ,0,16,,08.01.2018,2500000.0,<function Minuten at 0x1153ad950>,B. Lika,Mittelfeld - Rechtes Mittelfeld,1,1,132,http://www.transfermarkt.ch/bujar-lika/profil/spieler/166404,Grasshopper Club Zürich,5,FC Schaffhausen,FC Schaffhausen,Grasshopper Club Zürich
P&P Sport Management sam.,20,Nike Nike Mercurial Superfly 360,0,15,,-,6000000.0,<function Minuten at 0x1153ad950>,N. Gjorgjev,Mittelfeld - Rechtes Mittelfeld,0,18,125,http://www.transfermarkt.ch/nikola-gjorgjev/profil/spieler/237673,Grasshopper Club Zürich U21,7,FC Aarau,FC Aarau,Grasshopper Club Zürich U21
SEG,25, ,0,49,,01.07.2018,7500000.0,<function Minuten at 0x1153ad950>,M. Djuricin,Sturm - Mittelstürmer,0,109,252,http://www.transfermarkt.ch/marco-djuricin/profil/spieler/92989,Grasshopper Club Zürich,28,RB Salzburg,RB Salzburg,Grasshopper Club Zürich
,22,Nike Nike Mercurial Superfly 360,0,27,,01.07.2015,1250000.0,<function Minuten at 0x1153ad950>,J. Rhyner,Abwehr - Innenverteidiger,1,5,131,http://www.transfermarkt.ch/jean-pierre-rhyner/profil/spieler/203981,Grasshopper Club Zürich,1,FC Schaffhausen,FC Schaffhausen,Grasshopper Club Zürich
FPA Fairplay Agency Ltd,22, ,0,23,,01.07.2018,4000000.0,<function Minuten at 0x1153ad950>,V. Fazliu,Mittelfeld - Offensives Mittelfeld,1,55,121,http://www.transfermarkt.ch/valon-fazliu/profil/spieler/98167,FC Lugano,9,Grasshoppers,Grasshopper Club Zürich,FC Lugano
Footuro AG,21,Nike Nike Tiempo Legend VII FG,0,16,,08.02.2018,5000000.0,<function Minuten at 0x1153ad950>,N. Loosli,Abwehr - Innenverteidiger,0,6,117,http://www.transfermarkt.ch/noah-loosli/profil/spieler/265209,FC Lausanne-Sport,2,Grasshoppers,Grasshopper Club Zürich,FC Lausanne-Sport
SOCCER MONDIAL,20,Nike Nike Mercurial Superfly 360,0,10,,29.01.2018,5000000.0,<function Minuten at 0x1153ad950>,N. Sukacev,Sturm - Rechtsaußen,1,7,58,http://www.transfermarkt.ch/nikola-sukacev/profil/spieler/303845,Grasshopper Club Zürich,2,GC Zürich U21,GC Zürich U21,Grasshopper Club Zürich
Familienangehörige,23,Nike Nike Mercurial Superfly 360,0,13,,01.07.2018,5000000.0,<function Minuten at 0x1153ad950>,F. Kamberi,Sturm - Mittelstürmer,0,41,112,http://www.transfermarkt.ch/florian-kamberi/profil/spieler/284020,Hibernian FC,6,Grasshoppers,Grasshopper Club Zürich,Hibernian FC
,23, ,0,24,,01.07.2017,1500000.0,<function Minuten at 0x1153ad950>,M. Kubli,Mittelfeld - Offensives Mittelfeld,0,11,104,http://www.transfermarkt.ch/manuel-kubli/profil/spieler/213160,FC Rapperswil-Jona,9,Grasshoppers,Grasshopper Club Zürich,FC Rapperswil-Jona
ROGON,32,,0,23,,15.07.2017,1250000.0,<function Minuten at 0x1153ad950>,Caio,Mittelfeld - Linkes Mittelfeld,1,74,293,http://www.transfermarkt.ch/caio/profil/spieler/27410,Maccabi Haifa,31,Grasshoppers,Grasshopper Club Zürich,Maccabi Haifa
SOCCER MONDIAL,24,,1,16,,04.08.2017,3500000.0,<function Minuten at 0x1153ad950>,H. Tabakovic,Sturm - Mittelstürmer,1,52,151,http://www.transfermarkt.ch/haris-tabakovic/profil/spieler/203123,Debreceni VSC,6,Grasshoppers,Grasshopper Club Zürich,Debreceni VSC
Soccer and more,27,,0,10,,01.07.2017,3000000.0,<function Minuten at 0x1153ad950>,J. Mall,Torwart,0,0,187,http://www.transfermarkt.ch/joel-mall/profil/spieler/78868,SV Darmstadt 98,0,Grasshoppers,Grasshopper Club Zürich,SV Darmstadt 98
Ansaro Agency,22,,0,2,,-,4000000.0,<function Minuten at 0x1153ad950>,G. Sherko,Sturm - Mittelstürmer,0,3,38,http://www.transfermarkt.ch/gubari-sherko/profil/spieler/295469,Grasshopper Club Zürich U21,1,FC Vaduz,FC Vaduz,Grasshopper Club Zürich U21
Five Stars Sports,29,Nike Nike Mercurial Superfly 360,0,22,,01.07.2016,6000000.0,<function Minuten at 0x1153ad950>,R. Munsy,Sturm - Mittelstürmer,0,104,327,http://www.transfermarkt.ch/ridge-munsy/profil/spieler/51497,Grasshopper Club Zürich,17,Erzgebirge Aue,Erzgebirge Aue,Grasshopper Club Zürich
Signature - ISCM AG,21,,0,11,,09.07.2018,1500000.0,<function Minuten at 0x1153ad950>,A. Qollaku,Abwehr - Rechter Verteidiger,1,3,92,http://www.transfermarkt.ch/arijan-qollaku/profil/spieler/265258,FC Schaffhausen,2,Grasshoppers,Grasshopper Club Zürich,FC Schaffhausen
SOCCER MONDIAL,20,Nike Nike Magista Obra II,1,22,,28.07.2017,1100000.0,<function Minuten at 0x1153ad950>,J. Bamert,Abwehr - Innenverteidiger,0,5,109,http://www.transfermarkt.ch/jan-bamert/profil/spieler/289875,FC Sion,1,Grasshoppers,Grasshopper Club Zürich,FC Sion
Total Football,28, ,0,30,,07.07.2016,1750000.0,<function Minuten at 0x1153ad950>,R. Sigurjónsson,Mittelfeld - Zentrales Mittelfeld,0,47,235,http://www.transfermarkt.ch/runar-mar-sigurjonsson/profil/spieler/90008,Grasshopper Club Zürich,26,FC St. Gallen,FC St. Gallen 1879,Grasshopper Club Zürich
AK Sports,25,,0,30,,14.01.2018,4000000.0,<function Minuten at 0x1153ad950>,M. Brahimi,Mittelfeld - Offensives Mittelfeld,1,27,233,http://www.transfermarkt.ch/mergim-brahimi/profil/spieler/159706,Panionios Athen,12,Grasshoppers,Grasshopper Club Zürich,Panionios Athen
Familienangehörige,23,Nike Nike Mercurial Superfly 360,1,16,,-,1000000.0,<function Minuten at 0x1153ad950>,N. Antonov,Abwehr - Linker Verteidiger,0,1,116,http://www.transfermarkt.ch/nemanja-antonov/profil/spieler/171062,Grasshopper Club Zürich U21,9,Partizan,Partizan,Grasshopper Club Zürich U21
Giallanza Sport,21,,4,27,,28.02.2017,7500000.0,<function Minuten at 0x1153ad950>,C. Pickel,Mittelfeld - Defensives Mittelfeld,0,6,103,http://www.transfermarkt.ch/charles-pickel/profil/spieler/243879,Grasshopper Club Zürich,3,FC Schaffhausen,FC Schaffhausen,Grasshopper Club Zürich
,24,,0,22,,16.09.2017,3500000.0,<function Minuten at 0x1153ad950>,P. Olsen,Mittelfeld - Zentrales Mittelfeld,1,4,109,http://www.transfermarkt.ch/patrick-olsen/profil/spieler/135217,FC Helsingör,1,Vereinslos,Vereinslos,FC Helsingör
SOCCER MONDIAL,26,Nike Nike Mercurial Superfly 360,1,45,,01.07.2016,,<function Minuten at 0x1153ad950>,M. Dabbur,Sturm - Mittelstürmer,0,114,263,http://www.transfermarkt.ch/munas-dabbur/profil/spieler/145866,Red Bull Salzburg,52,Grasshoppers,Grasshopper Club Zürich,Red Bull Salzburg
FCP-SOCCERS,20,,0,1,,01.07.2016,1000000.0,<function Minuten at 0x1153ad950>,G. Chande,Torwart,1,0,38,http://www.transfermarkt.ch/gion-chande/profil/spieler/290013,FC Basel 1893 U21,0,Grasshoppers,Grasshopper Club Zürich,FC Basel U21
,25,,3,34,,04.01.2018,1500000.0,<function Minuten at 0x1153ad950>,S. Rapp,Sturm - Mittelstürmer,0,64,249,http://www.transfermarkt.ch/simone-rapp/profil/spieler/154635,FC Lausanne-Sport,24,FC Thun,FC Thun,FC Lausanne-Sport
Reset Group Srl,25,,0,16,,31.01.2018,1750000.0,<function Minuten at 0x1153ad950>,F. Margiotta,Sturm - Mittelstürmer,0,42,171,http://www.transfermarkt.ch/francesco-margiotta/profil/spieler/165891,FC Lausanne-Sport,21,Juventus Turin,Juventus Turin,FC Lausanne-Sport
MandA Sàrl,33,,2,52,,23.10.2017,,<function Minuten at 0x1153ad950>,D. Mesbah,Abwehr - Linker Verteidiger,0,20,296,http://www.transfermarkt.ch/djamel-mesbah/profil/spieler/17735,Vereinslos,22,Lausanne-Sport,FC Lausanne-Sport,Vereinslos
Global Management Agency,32,,0,37,,07.02.2018,3000000.0,<function Minuten at 0x1153ad950>,V. Bojinov,Sturm - Mittelstürmer,1,101,403,http://www.transfermarkt.ch/valeri-bojinov/profil/spieler/4176,HNK Rijeka,24,Vereinslos,Vereinslos,HNK Rijeka
COMUNIGOAL,26,,0,12,,01.07.2018,5000000.0,<function Minuten at 0x1153ad950>,L. Marín,Abwehr - Rechter Verteidiger,0,6,124,http://www.transfermarkt.ch/leandro-marin/profil/spieler/113132,Unbekannt,3,Lausanne-Sport,FC Lausanne-Sport,Unbekannt
ohne Berater,35,,3,87,,01.07.2018,,<function Minuten at 0x1153ad950>,A. Rochat,Abwehr - Innenverteidiger,4,28,522,http://www.transfermarkt.ch/alain-rochat/profil/spieler/4843,Karriereende,26,Lausanne-Sport,FC Lausanne-Sport,Karriereende
SBE Management AG,25, ,3,27,,19.07.2017,8000000.0,<function Minuten at 0x1153ad950>,J. Geissmann,Mittelfeld - Zentrales Mittelfeld,0,47,225,http://www.transfermarkt.ch/joel-geissmann/profil/spieler/167188,FC Lausanne-Sport,7,FC Thun,FC Thun,FC Lausanne-Sport
MandA Sàrl,29,,0,33,,01.07.2018,,<function Minuten at 0x1153ad950>,M. Delley,Mittelfeld - Rechtes Mittelfeld,1,62,309,http://www.transfermarkt.ch/marco-delley/profil/spieler/68452,FC Stade Nyonnais,22,NE Xamax,NE Xamax,FC Stade Nyonnais
,22,,0,4,,01.07.2017,1000000.0,<function Minuten at 0x1153ad950>,D. Berchtold,Torwart,0,0,41,http://www.transfermarkt.ch/diego-berchtold/profil/spieler/203888,FC Lausanne-Sport,0,Thun U21,Thun U21,FC Lausanne-Sport
Five Stars Sports,33,,1,41,,01.07.2018,2500000.0,<function Minuten at 0x1153ad950>,G. Zárate,Sturm - Mittelstürmer,3,67,377,http://www.transfermarkt.ch/gonzalo-zarate/profil/spieler/52731,Vereinslos,58,Lausanne-Sport,FC Lausanne-Sport,Vereinslos
PROCON GROUP GmbH,21,,0,7,,24.08.2017,,<function Minuten at 0x1153ad950>,D. Hrubik,Abwehr - Linker Verteidiger,0,2,25,http://www.transfermarkt.ch/david-hrubik/profil/spieler/413086,FK Macva Sabac,1,Lausanne-Sport,FC Lausanne-Sport,FK Macva Sabac
management 360,20,,0,3,,16.02.2018,1000000.0,<function Minuten at 0x1153ad950>,T. Escorza,Mittelfeld - Offensives Mittelfeld,0,2,21,http://www.transfermarkt.ch/tiago-marti-escorza/profil/spieler/402056,FC Lausanne-Sport,0,Team Vaud U21,Team Vaud U21,FC Lausanne-Sport
Think Ball & Sports Consulting,19,Nike Nike Mercurial Vapor 360,1,5,,01.07.2017,3500000.0,<function Minuten at 0x1153ad950>,M. Asllani,Mittelfeld - Linkes Mittelfeld,0,23,74,http://www.transfermarkt.ch/mersim-asllani/profil/spieler/404029,FC Lausanne-Sport,2,Team Vaud U21,Team Vaud U21,FC Lausanne-Sport
BDreamz,22,,2,12,,01.01.2018,1000000.0,<function Minuten at 0x1153ad950>,A. Kabacalman,Mittelfeld - Defensives Mittelfeld,0,6,95,http://www.transfermarkt.ch/ali-kabacalman/profil/spieler/316613,FC Chiasso,0,Lausanne-Sport,FC Lausanne-Sport,FC Chiasso
Ellipse Agency,29,Vereinslos,5,55,,05.03.2018,1000000.0,<function Minuten at 0x1153ad950>,Cabral,Mittelfeld - Defensives Mittelfeld,0,8,270,http://www.transfermarkt.ch/cabral/profil/spieler/33046,FC Lausanne-Sport,8,Vereinslos,Vereinslos,FC Lausanne-Sport
Familienangehörige,19,Nike Nike Mercurial Vapor 360,0,16,,01.07.2015,8000000.0,<function Minuten at 0x1153ad950>,A. Zeqiri,Sturm - Mittelstürmer,0,28,92,http://www.transfermarkt.ch/andi-zeqiri/profil/spieler/345468,FC Lausanne-Sport,3,Juventus U19,Juventus U19,FC Lausanne-Sport
BDreamz,23,,3,29,,15.01.2018,4000000.0,<function Minuten at 0x1153ad950>,J. Krasniqi,Abwehr - Rechter Verteidiger,0,2,136,http://www.transfermarkt.ch/jetmir-krasniqi/profil/spieler/284691,FC Lugano,2,FC Chiasso,FC Chiasso,FC Lugano
Gold Kick SA,24,Nike Nike Mercurial Vapor 360,2,30,,23.07.2017,6000000.0,<function Minuten at 0x1153ad950>,Musa Araz,Mittelfeld - Offensives Mittelfeld,0,12,138,http://www.transfermarkt.ch/musa-araz/profil/spieler/147037,Konyaspor,4,Lausanne-Sport,FC Lausanne-Sport,Konyaspor
,25,,0,4,,01.07.2018,2000000.0,<function Minuten at 0x1153ad950>,D. Da Silva,Torwart,2,0,125,http://www.transfermarkt.ch/dany-da-silva/profil/spieler/169372,FC Lausanne-Sport,0,Yverdon-Sport,Yverdon-Sport,FC Lausanne-Sport
A.B SOCCER LTD,30,,1,49,,01.07.2017,2500000.0,<function Minuten at 0x1153ad950>,M. Diniz,Abwehr - Innenverteidiger,6,9,244,http://www.transfermarkt.ch/marcus-diniz/profil/spieler/56621,Ironi Kiryat Shmona,4,Lausanne-Sport,FC Lausanne-Sport,Ironi Kiryat Shmona
,26,,1,24,,01.07.2018,1000000.0,<function Minuten at 0x1153ad950>,J. Esnáider,Sturm - Mittelstürmer,0,20,117,http://www.transfermarkt.ch/juan-esnaider/profil/spieler/316503,Vereinslos,1,CD Tudelano,CD Tudelano,Vereinslos
Icon Football Management,33,,2,37,,07.03.2018,2000000.0,<function Minuten at 0x1153ad950>,T. Taiwo,Abwehr - Linker Verteidiger,2,39,449,http://www.transfermarkt.ch/taye-taiwo/profil/spieler/28922,Rovaniemen Palloseura,47,AFC Eskilstuna,AFC Eskilstuna,Rovaniemen Palloseura
Gold Kick SA,26,Nike Nike Magista Obra II,1,42,,01.07.2017,1000000.0,<function Minuten at 0x1153ad950>,N. Ben Khalifa,Sturm - Mittelstürmer,1,50,243,http://www.transfermarkt.ch/nassim-ben-khalifa/profil/spieler/74288,FC St. Gallen 1879,36,Lausanne-Sport,FC Lausanne-Sport,FC St. Gallen 1879
Football Management Services,32,,2,50,,01.07.2018,4000000.0,<function Minuten at 0x1153ad950>,X. Tomas,Abwehr - Innenverteidiger,1,10,257,http://www.transfermarkt.ch/xavier-tomas/profil/spieler/76297,Vereinslos,6,Hamilton Acad.,Hamilton Acad.,Vereinslos
Atalentis,23, ,1,36,,01.07.2017,1250000.0,<function Minuten at 0x1153ad950>,O. Custodio,Mittelfeld - Zentrales Mittelfeld,0,14,172,http://www.transfermarkt.ch/olivier-custodio/profil/spieler/183312,FC Luzern,18,Lausanne-Sport,FC Lausanne-Sport,FC Luzern
Soccerdome,25,,0,7,,14.08.2017,3000000.0,<function Minuten at 0x1153ad950>,K. Pak,Sturm - Mittelstürmer,0,58,193,http://www.transfermarkt.ch/kwang-ryong-pak/profil/spieler/181882,SKN St. Pölten,19,Lausanne-Sport,FC Lausanne-Sport,SKN St. Pölten
,19,Nike Nike Magista Obra II,0,6,,01.07.2017,4500000.0,<function Minuten at 0x1153ad950>,J. Lotomba,Abwehr - Rechter Verteidiger,0,10,116,http://www.transfermarkt.ch/jordan-lotomba/profil/spieler/313094,BSC Young Boys,7,Lausanne-Sport,FC Lausanne-Sport,BSC Young Boys
22 Sportsmanagement GmbH,23,,0,21,,-,3250000.0,<function Minuten at 0x1153ad950>,M. Yang,Mittelfeld - Zentrales Mittelfeld,0,2,110,http://www.transfermarkt.ch/ming-yang-yang/profil/spieler/184382,Wolverhampton Wanderers U23,3,FC Winterthur,FC Winterthur,Wolverhampton Wanderers U23
COMUNIGOAL,29,,0,14,,22.01.2018,5000000.0,<function Minuten at 0x1153ad950>,G. Torres,Sturm - Mittelstürmer,0,47,152,http://www.transfermarkt.ch/gabriel-torres/profil/spieler/74532,Huachipato FC,17,Lausanne-Sport,FC Lausanne-Sport,Huachipato FC
Ellipse Agency,34,,1,56,,01.07.2017,,<function Minuten at 0x1153ad950>,X. Margairaz,Mittelfeld - Offensives Mittelfeld,2,69,377,http://www.transfermarkt.ch/xavier-margairaz/profil/spieler/9554,Karriereende,41,Lausanne-Sport,FC Lausanne-Sport,Karriereende
,26,,0,17,,01.07.2018,3000000.0,<function Minuten at 0x1153ad950>,P. Frascatore,Abwehr - Linker Verteidiger,0,6,187,http://www.transfermarkt.ch/paolo-frascatore/profil/spieler/165885,Carpi FC 1909,4,Südtirol,Südtirol,Carpi FC 1909
GBG Global Business Group,22,,0,5,,17.07.2018,2500000.0,<function Minuten at 0x1153ad950>,K. Méndez,Sturm - Rechtsaußen,0,6,58,http://www.transfermarkt.ch/kevin-mendez/profil/spieler/294876,Karpaty Lviv,2,Rom Weitere,Rom Weitere,Karpaty Lviv
The Player Management,22,,1,22,,11.07.2018,2000000.0,<function Minuten at 0x1153ad950>,C. Blanco,Abwehr - Innenverteidiger,0,3,85,http://www.transfermarkt.ch/carlos-blanco/profil/spieler/204096,Vereinslos,0,Gimnàstic,Gimnàstic,Vereinslos
ISMA,27,,2,47,,31.08.2017,7500000.0,<function Minuten at 0x1153ad950>,F. Daprelà,Abwehr - Innenverteidiger,2,9,260,http://www.transfermarkt.ch/fabio-daprela/profil/spieler/66109,FC Lugano,11,Chievo Verona,Chievo Verona,FC Lugano
Supporter Management,26,,3,26,,01.07.2017,1500000.0,<function Minuten at 0x1153ad950>,L. Crescenzi,Abwehr - Innenverteidiger,2,4,168,http://www.transfermarkt.ch/luca-crescenzi/profil/spieler/127224,FC Lugano,2,Vicenza,Vicenza,FC Lugano
Sport Assist di Petar Strugar,25,,1,51,,03.01.2018,3500000.0,<function Minuten at 0x1153ad950>,R. Milosavljevic,Mittelfeld - Offensives Mittelfeld,0,24,243,http://www.transfermarkt.ch/radomir-milosavljevic/profil/spieler/145339,AE Larisa,7,FC Lugano,FC Lugano,AE Larisa
Vincenzo D`Ippolito,35,,5,96,,01.07.2018,2000000.0,<function Minuten at 0x1153ad950>,C. Ledesma,Mittelfeld - Zentrales Mittelfeld,7,25,516,http://www.transfermarkt.ch/cristian-ledesma/profil/spieler/6438,Vereinslos,48,FC Lugano,FC Lugano,Vereinslos
BSA srl,20,,0,6,,25.07.2017,2000000.0,<function Minuten at 0x1153ad950>,C. Manicone,Sturm - Mittelstürmer,1,41,92,http://www.transfermarkt.ch/carlo-manicone/profil/spieler/390123,FC Lugano,5,Empoli U19,Empoli U19,FC Lugano
Dieter Langhans,20,,1,5,,01.07.2017,1000000.0,<function Minuten at 0x1153ad950>,C. Nkama,Mittelfeld - Defensives Mittelfeld,0,0,24,http://www.transfermarkt.ch/chinwendu-johan-nkama/profil/spieler/535761,FC Lugano,2,NK Ankaran,NK Ankaran,FC Lugano
,19,,0,10,,01.01.2017,1000000.0,<function Minuten at 0x1153ad950>,G. Franzese,Sturm - Mittelstürmer,1,9,41,http://www.transfermarkt.ch/gioele-franzese/profil/spieler/413460,FC Lugano,0,United Zürich,United Zürich,FC Lugano
MÜLLER & PAPARIS  RECHTSANWÄLTE / ATTORNEYS AT LAW,26,,0,4,,18.07.2017,6000000.0,<function Minuten at 0x1153ad950>,J. Kiassumbua,Torwart,0,0,129,http://www.transfermarkt.ch/joel-kiassumbua/profil/spieler/111423,FC Lugano,0,FC Wohlen,FC Wohlen,FC Lugano
Sportfront GmbH,22,,0,5,,09.07.2018,4000000.0,<function Minuten at 0x1153ad950>,A. Padula,Sturm - Linksaußen,0,16,100,http://www.transfermarkt.ch/andrea-padula/profil/spieler/334665,FC Chiasso,11,FC Lugano,FC Lugano,FC Chiasso
JABC Limited,22,,0,5,,21.07.2017,1250000.0,<function Minuten at 0x1153ad950>,Eloge Yao,Abwehr - Innenverteidiger,0,3,105,http://www.transfermarkt.ch/eloge-yao/profil/spieler/268590,FC Lugano,1,Inter Mailand,Inter Mailand,FC Lugano
NSKY,32,,0,21,,02.08.2017,9000000.0,<function Minuten at 0x1153ad950>,A. Gerndt,Sturm - Mittelstürmer,2,91,296,http://www.transfermarkt.ch/alexander-gerndt/profil/spieler/45881,FC Lugano,57,BSC Young Boys,BSC Young Boys,FC Lugano
Dieter Langhans,22,,0,2,,01.07.2018,8000000.0,<function Minuten at 0x1153ad950>,S. Amuzie,Abwehr - Linker Verteidiger,0,2,41,http://www.transfermarkt.ch/stanley-amuzie/profil/spieler/422851,FC Lugano,1,UC Sampdoria,UC Sampdoria,FC Lugano
Sport 11 AG,32,Nike Nike Tiempo Legend VII FG,0,38,,01.07.2017,3000000.0,<function Minuten at 0x1153ad950>,D. Da Costa,Torwart,4,0,384,http://www.transfermarkt.ch/david-da-costa/profil/spieler/17302,FC Lugano,0,Novara Calcio,Novara Calcio,FC Lugano
Lions Sports AG,23,,0,12,,18.07.2017,1750000.0,<function Minuten at 0x1153ad950>,M. Piccinocchi,Mittelfeld - Defensives Mittelfeld,0,7,156,http://www.transfermarkt.ch/mario-piccinocchi/profil/spieler/206701,FC Lugano,16,Vicenza,Vicenza,FC Lugano
W&K Fairplay,24,,0,22,,01.07.2018,1500000.0,<function Minuten at 0x1153ad950>,D. Kovacic,Abwehr - Innenverteidiger,0,2,89,http://www.transfermarkt.ch/dominik-kovacic/profil/spieler/258898,NK Siroki Brijeg,2,Sheriff,Sheriff,NK Siroki Brijeg
Sport Assist di Petar Strugar,27,,2,44,,18.08.2017,1750000.0,<function Minuten at 0x1153ad950>,M. Bottani,Mittelfeld - Linkes Mittelfeld,1,30,225,http://www.transfermarkt.ch/mattia-bottani/profil/spieler/86484,FC Lugano,23,FC Wil 1900,FC Wil 1900,FC Lugano
FPA Fairplay Agency Ltd,24,,0,5,,04.07.2017,3000000.0,<function Minuten at 0x1153ad950>,S. Schäppi,Abwehr - Linker Verteidiger,0,8,131,http://www.transfermarkt.ch/silvano-schappi/profil/spieler/147055,FC Lugano,8,FC Thun,FC Thun,FC Lugano
-imevi. sports,26,,0,14,,01.07.2018,2000000.0,<function Minuten at 0x1153ad950>,C. Andreoni,Abwehr - Rechter Verteidiger,0,1,91,http://www.transfermarkt.ch/cristian-andreoni/profil/spieler/273126,LR Vicenza Virtus,5,Bassano,Bassano,LR Vicenza Virtus
REAL PRO Football Consultant,22,,0,3,,01.07.2018,1000000.0,<function Minuten at 0x1153ad950>,N. Baumann,Torwart,1,0,54,http://www.transfermarkt.ch/noam-baumann/profil/spieler/192605,FC Lugano,0,FC Wil 1900,FC Wil 1900,FC Lugano
Sportfront GmbH,19,,0,11,,01.07.2017,9000000.0,<function Minuten at 0x1153ad950>,E. Abedini,Mittelfeld - Zentrales Mittelfeld,0,6,76,http://www.transfermarkt.ch/eris-abedini/profil/spieler/413459,FC Lugano,2,FC Chiasso,FC Chiasso,FC Lugano
Sportfront GmbH,22,,0,31,,01.07.2017,3750000.0,<function Minuten at 0x1153ad950>,S. Belometti,Abwehr - Linker Verteidiger,0,4,126,http://www.transfermarkt.ch/simone-belometti/profil/spieler/192607,FC Chiasso,7,FC Lugano,FC Lugano,FC Chiasso
FPA Fairplay Agency Ltd,26,Nike Nike Mercurial Vapor 360,2,45,,13.07.2017,4000000.0,<function Minuten at 0x1153ad950>,E. Alioski,Mittelfeld - Linkes Mittelfeld,4,35,248,http://www.transfermarkt.ch/ezgjan-alioski/profil/spieler/129604,Leeds United,33,FC Lugano,FC Lugano,Leeds United
Prestige Sports,24, ,0,6,,25.08.2017,1500000.0,<function Minuten at 0x1153ad950>,K. Rossi,Sturm - Mittelstürmer,0,17,85,http://www.transfermarkt.ch/karim-rossi/profil/spieler/183152,SC Cambuur-Leeuwarden,3,FC Lugano,FC Lugano,SC Cambuur-Leeuwarden
Palomba Sportmanagement&CDR,34,,2,73,,01.07.2018,1500000.0,<function Minuten at 0x1153ad950>,O. Urbano,Abwehr - Innenverteidiger,5,24,316,http://www.transfermarkt.ch/orlando-urbano/profil/spieler/39687,Vereinslos,2,FC Chiasso,FC Chiasso,Vereinslos
Ellipse Agency,31,,1,73,,27.07.2017,1500000.0,<function Minuten at 0x1153ad950>,A. Rey,Mittelfeld - Zentrales Mittelfeld,0,16,372,http://www.transfermarkt.ch/antoine-rey/profil/spieler/33056,FC Chiasso,14,FC Lugano,FC Lugano,FC Chiasso
HBR Sport,26,,0,10,,12.01.2018,4000000.0,<function Minuten at 0x1153ad950>,A. Culina,Sturm - Linksaußen,1,23,166,http://www.transfermarkt.ch/antonini-culina/profil/spieler/95745,Cracovia Krakau,20,FC Lugano,FC Lugano,Cracovia Krakau
Top Sport Services,24,,0,23,,01.07.2017,5000000.0,<function Minuten at 0x1153ad950>,O. Mizrahi,Sturm - Mittelstürmer,0,26,151,http://www.transfermarkt.ch/ofir-mizrahi/profil/spieler/252875,Maccabi Haifa,6,FC Lugano,FC Lugano,Maccabi Haifa
Dieter Langhans,34,,1,70,,01.04.2018,,<function Minuten at 0x1153ad950>,M. Padalino,Abwehr - Rechter Verteidiger,1,12,323,http://www.transfermarkt.ch/marco-padalino/profil/spieler/22088,Karriereende,12,FC Lugano,FC Lugano,Karriereende
ohne Berater,25, ,0,34,,01.07.2018,2500000.0,<function Minuten at 0x1153ad950>,B. Martignoni,Abwehr - Rechter Verteidiger,1,3,217,http://www.transfermarkt.ch/bruno-martignoni/profil/spieler/109715,FC Chiasso,4,FC Lugano,FC Lugano,FC Chiasso
Lions Sports AG,27,,3,34,,09.07.2018,3000000.0,<function Minuten at 0x1153ad950>,G. Jozinovic,Abwehr - Linker Verteidiger,0,4,208,http://www.transfermarkt.ch/goran-jozinovic/profil/spieler/46420,FC Schaffhausen,19,Vereinslos,Vereinslos,FC Schaffhausen
Palomba Sportmanagement&CDR,24,,3,9,,01.07.2016,7000000.0,<function Minuten at 0x1153ad950>,A. Ceesay,Sturm - Mittelstürmer,0,22,59,http://www.transfermarkt.ch/assan-ceesay/profil/spieler/388382,FC Lugano,9,FC Chiasso,FC Chiasso,FC Lugano
,36,,0,17,,01.07.2018,,<function Minuten at 0x1153ad950>,F. Russo,Torwart,1,0,373,http://www.transfermarkt.ch/francesco-russo/profil/spieler/20552,Karriereende,0,FC Lugano,FC Lugano,Karriereende
LIAN SPORTS,27,Nike Nike Mercurial Superfly 360,2,31,,31.01.2018,8000000.0,<function Minuten at 0x1153ad950>,A. Sadiku,Sturm - Mittelstürmer,1,119,263,http://www.transfermarkt.ch/armando-sadiku/profil/spieler/140082,UD Levante,22,Legia Warschau,Legia Warschau,UD Levante
,23,,0,19,,18.08.2017,5500000.0,<function Minuten at 0x1153ad950>,L. Rosseti,Sturm - Mittelstürmer,3,31,154,http://www.transfermarkt.ch/lorenzo-rosseti/profil/spieler/176130,Ascoli Picchio,7,Juventus Turin,Juventus Turin,Ascoli Picchio
Go Pro Sport Management,21,,0,4,,-,3000000.0,<function Minuten at 0x1153ad950>,A. Ponce,Sturm - Mittelstürmer,0,30,78,http://www.transfermarkt.ch/andres-ponce/profil/spieler/308256,Sampdoria Genua Weitere,2,Feralpisalò,Feralpisalò,Sampdoria Genua Weitere
Vigo Srls,21,,0,9,,01.07.2018,8000000.0,<function Minuten at 0x1153ad950>,J. Machín,Mittelfeld - Zentrales Mittelfeld,0,7,88,http://www.transfermarkt.ch/jose-machin/profil/spieler/355104,Delfino Pescara 1936,12,AS Rom,AS Rom,Delfino Pescara 1936
IFM,34,Nike Nike Hypervenom Phantom III,1,107,,01.07.2017,2500000.0,<function Minuten at 0x1153ad950>,C. Schwegler,Abwehr - Rechter Verteidiger,2,6,449,http://www.transfermarkt.ch/christian-schwegler/profil/spieler/4931,FC Luzern,41,RB Salzburg,RB Salzburg,FC Luzern
,30,,3,52,,01.07.2018,1500000.0,<function Minuten at 0x1153ad950>,N. Schindelholz,Abwehr - Innenverteidiger,2,8,231,http://www.transfermarkt.ch/nicolas-schindelholz/profil/spieler/65287,FC Aarau,4,FC Luzern,FC Luzern,FC Aarau
GBV Spielerprojekt,21,,0,19,,01.07.2017,2000000.0,<function Minuten at 0x1153ad950>,Dren Feka,Mittelfeld - Defensives Mittelfeld,0,10,117,http://www.transfermarkt.ch/dren-feka/profil/spieler/224499,FC Luzern,6,Hamburger SV,Hamburger SV,FC Luzern
Soccerdome,25,,0,1,,01.07.2018,3000000.0,<function Minuten at 0x1153ad950>,I. Jong,Sturm - Mittelstürmer,0,1,12,http://www.transfermarkt.ch/il-gwan-jong/profil/spieler/193970,Vereinslos,1,FC Luzern,FC Luzern,Vereinslos
Sport 11 AG,22, ,0,15,,01.07.2017,9000000.0,<function Minuten at 0x1153ad950>,F. Rodríguez,Mittelfeld - Linkes Mittelfeld,0,22,169,http://www.transfermarkt.ch/francisco-rodriguez/profil/spieler/227967,FC Luzern,19,VfL Wolfsburg,VfL Wolfsburg,FC Luzern
ESHA,22,Nike Nike Mercurial Vapor 360,0,13,,01.07.2017,1000000.0,<function Minuten at 0x1153ad950>,S. Demhasaj,Sturm - Mittelstürmer,0,30,100,http://www.transfermarkt.ch/shkelqim-demhasaj/profil/spieler/294583,FC Luzern,8,FC Schaffhausen,FC Schaffhausen,FC Luzern
SEG,23,Nike Nike Magista Obra II,1,22,,10.07.2017,1500000.0,<function Minuten at 0x1153ad950>,M. Schulz,Abwehr - Innenverteidiger,0,29,152,http://www.transfermarkt.ch/marvin-schulz/profil/spieler/168678,FC Luzern,16,Bor. M'gladbach,Bor. M'gladbach,FC Luzern
,24,,0,12,,29.01.2018,1250000.0,<function Minuten at 0x1153ad950>,V. Gvilia,Mittelfeld - Zentrales Mittelfeld,0,12,92,http://www.transfermarkt.ch/valeriane-gvilia/profil/spieler/335191,FC Luzern,12,BATE Borisov,BATE Borisov,FC Luzern
CSGG,25,,0,18,,23.01.2018,6000000.0,<function Minuten at 0x1153ad950>,L. Cirkovic,Abwehr - Innenverteidiger,0,1,106,http://www.transfermarkt.ch/lazar-cirkovic/profil/spieler/167075,FC Luzern,2,Partizan,Partizan,FC Luzern
Eurosportsmanagement GmbH,19,,1,10,,07.03.2018,1000000.0,<function Minuten at 0x1153ad950>,S. Wolf,Mittelfeld - Zentrales Mittelfeld,0,5,59,http://www.transfermarkt.ch/stefan-wolf/profil/spieler/345893,FC Luzern,0,Luzern U21,Luzern U21,FC Luzern
teambbc,19,,0,7,,01.07.2017,1000000.0,<function Minuten at 0x1153ad950>,R. Vargas,Sturm - Linksaußen,0,19,55,http://www.transfermarkt.ch/ruben-vargas/profil/spieler/345886,FC Luzern,5,Luzern U21,Luzern U21,FC Luzern
Dierolf Rechtsanwälte AG,32,,2,59,,02.01.2018,1000000.0,<function Minuten at 0x1153ad950>,R. Ziegler,Abwehr - Innenverteidiger,1,25,456,http://www.transfermarkt.ch/reto-ziegler/profil/spieler/9915,FC Dallas,31,FC Luzern,FC Luzern,FC Dallas
Familienangehörige,19,,0,8,,01.07.2017,1500000.0,<function Minuten at 0x1153ad950>,F. Ugrinic,Mittelfeld - Zentrales Mittelfeld,0,9,91,http://www.transfermarkt.ch/filip-ugrinic/profil/spieler/394236,FC Luzern,4,Luzern U21,Luzern U21,FC Luzern
Footuro AG,21,,0,13,,01.07.2017,1250000.0,<function Minuten at 0x1153ad950>,I. Voca,Mittelfeld - Defensives Mittelfeld,1,13,108,http://www.transfermarkt.ch/idriz-voca/profil/spieler/342098,FC Luzern,0,Luzern U21,Luzern U21,FC Luzern
,23,,0,15,,01.05.2018,1500000.0,<function Minuten at 0x1153ad950>,O. Thali,Sturm - Mittelstürmer,0,43,104,http://www.transfermarkt.ch/omar-thali/profil/spieler/183325,Ventura County Fusion,6,GG College,GG College,Ventura County Fusion
FAIRSPORT ASSOCIATION,23,,0,14,,01.07.2015,1000000.0,<function Minuten at 0x1153ad950>,Y. Schmid,Abwehr - Innenverteidiger,0,6,102,http://www.transfermarkt.ch/yannick-schmid/profil/spieler/291896,FC Luzern,3,FC Wohlen,FC Wohlen,FC Luzern
Eurosportsmanagement GmbH,23,,0,14,,01.07.2017,3000000.0,<function Minuten at 0x1153ad950>,L. Sliskovic,Sturm - Linksaußen,0,40,142,http://www.transfermarkt.ch/luka-sliskovic/profil/spieler/262270,FC Winterthur,10,FC Luzern,FC Luzern,FC Winterthur
Kögl & Partner GmbH,22,,0,13,,01.07.2018,1000000.0,<function Minuten at 0x1153ad950>,O. Kleiner,Abwehr - Linker Verteidiger,0,5,124,http://www.transfermarkt.ch/olivier-kleiner/profil/spieler/192641,SC Kriens,0,FC Wohlen,FC Wohlen,SC Kriens
,32,,0,40,,01.07.2017,2000000.0,<function Minuten at 0x1153ad950>,S. Sarr,Abwehr - Innenverteidiger,1,9,251,http://www.transfermarkt.ch/sally-sarr/profil/spieler/99682,Servette FC,9,FC Luzern,FC Luzern,Servette FC
,35,,2,63,,01.07.2017,2000000.0,<function Minuten at 0x1153ad950>,T. Puljic,Abwehr - Innenverteidiger,0,33,262,http://www.transfermarkt.ch/tomislav-puljic/profil/spieler/45829,FC Vaduz,13,FC Luzern,FC Luzern,FC Vaduz
Familienangehörige,37,,7,102,,01.07.2017,2500000.0,<function Minuten at 0x1153ad950>,R. Costa,Abwehr - Innenverteidiger,3,28,413,http://www.transfermarkt.ch/ricardo-costa/profil/spieler/9819,CD Tondela,7,FC Luzern,FC Luzern,CD Tondela
Footuro AG,27,,1,49,,21.07.2017,5000000.0,<function Minuten at 0x1153ad950>,F. Affolter,Abwehr - Innenverteidiger,0,9,280,http://www.transfermarkt.ch/francois-affolter/profil/spieler/87268,San Jose Earthquakes,2,FC Luzern,FC Luzern,San Jose Earthquakes
Signature - ISCM AG,22,,1,12,,01.07.2017,1500000.0,<function Minuten at 0x1153ad950>,N. Haas,Mittelfeld - Zentrales Mittelfeld,0,15,126,http://www.transfermarkt.ch/nicolas-haas/profil/spieler/192638,Atalanta Bergamo,9,FC Luzern,FC Luzern,Atalanta Bergamo
Front Group GmbH,32, ,1,42,,17.04.2018,4000000.0,<function Minuten at 0x1153ad950>,M. Neumayr,Mittelfeld - Offensives Mittelfeld,1,69,311,http://www.transfermarkt.ch/markus-neumayr/profil/spieler/3391,Vereinslos,65,Kasimpasa,Kasimpasa,Vereinslos
SOCCER MONDIAL,33, ,1,53,,02.07.2018,6000000.0,<function Minuten at 0x1153ad950>,M. Schneuwly,Sturm - Mittelstürmer,2,161,467,http://www.transfermarkt.ch/marco-schneuwly/profil/spieler/21625,FC Aarau,57,FC Sion,FC Sion,FC Aarau
Soccerdome,22,,0,8,,01.07.2018,5000000.0,<function Minuten at 0x1153ad950>,J. Oliveira,Sturm - Linksaußen,0,24,125,http://www.transfermarkt.ch/joao-oliveira/profil/spieler/195911,FC Lausanne-Sport,11,FC Luzern,FC Luzern,FC Lausanne-Sport
Gr Sports,20,,0,9,,05.07.2018,2000000.0,<function Minuten at 0x1153ad950>,F. Dimarco,Abwehr - Linker Verteidiger,0,5,76,http://www.transfermarkt.ch/federico-dimarco/profil/spieler/198116,Inter Mailand,10,FC Sion,FC Sion,Inter Mailand
,24,,0,8,,01.07.2018,2000000.0,<function Minuten at 0x1153ad950>,P. Ricardo,Abwehr - Innenverteidiger,0,2,59,http://www.transfermarkt.ch/paulo-ricardo/profil/spieler/330031,Vereinslos,0,FC Sion,FC Sion,Vereinslos
ohne Berater,34, ,1,45,,09.08.2017,1000000.0,<function Minuten at 0x1153ad950>,B. Kukeli,Mittelfeld - Defensives Mittelfeld,3,13,260,http://www.transfermarkt.ch/burim-kukeli/profil/spieler/65418,FC Sion,21,FC Zürich,FC Zürich,FC Sion
Universal Management SA,28,,3,63,,15.02.2018,1250000.0,<function Minuten at 0x1153ad950>,X. Kouassi,Mittelfeld - Defensives Mittelfeld,5,3,222,http://www.transfermarkt.ch/xavier-kouassi/profil/spieler/132587,FC Sion,8,Revolution,Revolution,FC Sion
Mino Raiola,26, ,0,33,,31.08.2017,2500000.0,<function Minuten at 0x1153ad950>,P. Kasami,Mittelfeld - Zentrales Mittelfeld,0,27,237,http://www.transfermarkt.ch/pajtim-kasami/profil/spieler/130108,FC Sion,23,Olymp. Piräus,Olymp. Piräus,FC Sion
Gortin Promoções Ltda,23,,0,11,,03.07.2017,2750000.0,<function Minuten at 0x1153ad950>,Adryan,Mittelfeld - Offensives Mittelfeld,1,16,110,http://www.transfermarkt.ch/adryan/profil/spieler/174835,FC Sion,11,Flamengo,Flamengo,FC Sion
,30,,0,20,,01.07.2018,3000000.0,<function Minuten at 0x1153ad950>,R. Acquafresca,Sturm - Mittelstürmer,0,67,303,http://www.transfermarkt.ch/robert-acquafresca/profil/spieler/35703,Vereinslos,10,FC Sion,FC Sion,Vereinslos
SOCCER MONDIAL,24,Nike Nike Hypervenom Phantom III,2,28,,11.09.2017,7000000.0,<function Minuten at 0x1153ad950>,M. Angha,Abwehr - Innenverteidiger,0,1,153,http://www.transfermarkt.ch/martin-angha/profil/spieler/122695,FC Sion,7,FC St. Gallen,FC St. Gallen 1879,FC Sion
ESHA,28,,2,40,,26.07.2017,7500000.0,<function Minuten at 0x1153ad950>,E. Lenjani,Abwehr - Linker Verteidiger,2,40,286,http://www.transfermarkt.ch/ermir-lenjani/profil/spieler/66052,FC Sion,9,Stade Rennes,Stade Rennes,FC Sion
Adequatesports,22,,0,14,,01.01.2014,4500000.0,<function Minuten at 0x1153ad950>,A. Succar,Sturm - Mittelstürmer,0,21,91,http://www.transfermarkt.ch/alex-succar/profil/spieler/284162,Sporting Cristal Lima,10,FC Sion,FC Sion,Sporting Cristal Lima
FOOTALENT,24, ,0,18,,01.07.2012,2000000.0,<function Minuten at 0x1153ad950>,S. Ucan,Mittelfeld - Offensives Mittelfeld,0,8,125,http://www.transfermarkt.ch/salih-ucan/profil/spieler/170838,Fenerbahce Istanbul,18,FC Sion,FC Sion,Fenerbahce Istanbul
Front Group GmbH,31, ,2,14,,28.09.2017,5000000.0,<function Minuten at 0x1153ad950>,A. Neitzke,Abwehr - Innenverteidiger,0,8,150,http://www.transfermarkt.ch/andre-neitzke/profil/spieler/164646,FC Sion,9,FC Schaffhausen,FC Schaffhausen,FC Sion
JJ Domingos Africa SA,24,,1,11,,15.08.2017,5000000.0,<function Minuten at 0x1153ad950>,C. Zock,Mittelfeld - Zentrales Mittelfeld,0,0,39,http://www.transfermarkt.ch/christian-zock/profil/spieler/337017,FC Sion,3,FC Schaffhausen,FC Schaffhausen,FC Sion
,19, ,0,8,,01.07.2018,1500000.0,<function Minuten at 0x1153ad950>,M. Cunha,Sturm - Mittelstürmer,0,10,33,http://www.transfermarkt.ch/matheus-cunha/profil/spieler/517894,RasenBallsport Leipzig,8,FC Sion,FC Sion,RasenBallsport Leipzig
Gaetano Montalbano,25,,0,9,,04.07.2018,6500000.0,<function Minuten at 0x1153ad950>,P. Ramírez,Mittelfeld - Offensives Mittelfeld,1,15,107,http://www.transfermarkt.ch/pedro-ramirez/profil/spieler/308812,FC Riga,29,FC Sion,FC Sion,FC Riga
Atalentis,20,Nike Nike Hypervenom Phantom III,1,7,,01.07.2017,7000000.0,<function Minuten at 0x1153ad950>,A. Pinga,Sturm - Mittelstürmer,0,50,83,http://www.transfermarkt.ch/aimery-pinga/profil/spieler/347097,FC Sion,2,FC Sion U21,FC Sion U21,FC Sion
,26,,2,32,,01.07.2018,7500000.0,<function Minuten at 0x1153ad950>,J. Adão,Mittelfeld - Defensives Mittelfeld,0,3,153,http://www.transfermarkt.ch/joaquim-adao/profil/spieler/122205,Vereinslos,3,FC Sion,FC Sion,Vereinslos
Chirico Consulting,21,,0,5,,01.07.2018,,<function Minuten at 0x1153ad950>,Y. Hofer,Torwart,0,0,87,http://www.transfermarkt.ch/yanick-hofer/profil/spieler/298592,FC Muri,0,FC Wohlen,FC Wohlen,FC Muri
,20,,0,2,,01.07.2017,1000000.0,<function Minuten at 0x1153ad950>,J. Castanheira,Torwart,1,0,67,http://www.transfermarkt.ch/joao-castanheira/profil/spieler/287490,Servette FC,0,FC Sion,FC Sion,Servette FC
Ben Kouider Group,31,,0,27,,11.07.2018,7500000.0,<function Minuten at 0x1153ad950>,I. Mboyo,Sturm - Mittelstürmer,1,71,238,http://www.transfermarkt.ch/ilombe-mboyo/profil/spieler/96227,KV Kortrijk,40,FC Sion,FC Sion,KV Kortrijk
ROGON,23,Nike Nike Mercurial Vapor 360,0,15,,09.07.2017,5000000.0,<function Minuten at 0x1153ad950>,C. Akolo,Sturm - Rechtsaußen,0,50,167,http://www.transfermarkt.ch/chadrac-akolo/profil/spieler/247459,VfB Stuttgart,13,FC Sion,FC Sion,VfB Stuttgart
Extra Time Sports U.K.,25,Nike Nike Hypervenom Phantom III,0,42,,13.08.2017,,<function Minuten at 0x1153ad950>,M. Konaté,Sturm - Mittelstürmer,2,75,227,http://www.transfermarkt.ch/moussa-konate/profil/spieler/192774,SC Amiens,29,FC Sion,FC Sion,SC Amiens
Stars & Friends,29,,0,19,,27.03.2018,5000000.0,<function Minuten at 0x1153ad950>,Léo Itaperuna,Sturm - Mittelstürmer,0,33,190,http://www.transfermarkt.ch/leo-itaperuna/profil/spieler/57503,Paraná Clube,14,São Bento (SP),São Bento (SP),Paraná Clube
SOCCER MONDIAL,23,,1,52,,10.09.2017,7500000.0,<function Minuten at 0x1153ad950>,N. Lüchinger,Abwehr - Rechter Verteidiger,0,3,171,http://www.transfermarkt.ch/nicolas-luchinger/profil/spieler/183260,FC St. Gallen 1879,13,FC Sion,FC Sion,FC St. Gallen 1879
Familienangehörige,28, ,3,38,,01.07.2017,7000000.0,<function Minuten at 0x1153ad950>,Pa Modou,Abwehr - Linker Verteidiger,1,24,309,http://www.transfermarkt.ch/pa-modou/profil/spieler/66449,FC Zürich,28,FC Sion,FC Sion,FC Zürich
BDreamz,23,,0,12,,08.01.2018,1500000.0,<function Minuten at 0x1153ad950>,A. Özcan,Abwehr - Innenverteidiger,1,3,95,http://www.transfermarkt.ch/ahmet-ozcan/profil/spieler/240356,Real Balompédica Linense ,1,FC Sion,FC Sion,Real Balompédica Linense 
SOCCER MONDIAL,32,,1,123,,31.08.2017,8000000.0,<function Minuten at 0x1153ad950>,V. Salatic,Mittelfeld - Defensives Mittelfeld,4,32,503,http://www.transfermarkt.ch/veroljub-salatic/profil/spieler/9934,FK Ufa,28,FC Sion,FC Sion,FK Ufa
IFM,23, ,0,10,,01.07.2018,8000000.0,<function Minuten at 0x1153ad950>,G. Karlen,Mittelfeld - Zentrales Mittelfeld,0,15,132,http://www.transfermarkt.ch/gregory-karlen/profil/spieler/183447,FC Thun,10,FC Sion,FC Sion,FC Thun
Altis Sportconsulting Company,28,,0,20,,01.07.2018,4000000.0,<function Minuten at 0x1153ad950>,G. Bia,Sturm - Rechtsaußen,0,69,270,http://www.transfermarkt.ch/geoffrey-bia/profil/spieler/45455,Vereinslos,42,Kayserispor,Kayserispor,Vereinslos
Creative & Management Group,31,,3,64,,21.08.2017,7000000.0,<function Minuten at 0x1153ad950>,J. Taravel,Abwehr - Innenverteidiger,4,25,258,http://www.transfermarkt.ch/jeremy-taravel/profil/spieler/56821,Cercle Brügge,8,KAA Gent,KAA Gent,Cercle Brügge
Selection Fussballconsulting,25,,1,50,,13.07.2017,6000000.0,<function Minuten at 0x1153ad950>,P. Tschernegg,Mittelfeld - Zentrales Mittelfeld,1,20,287,http://www.transfermarkt.ch/peter-tschernegg/profil/spieler/85793,FC St. Gallen 1879,11,Wolfsberger AC,Wolfsberger AC,FC St. Gallen 1879
Footuro AG,29,Nike Nike Hypervenom Phantom III,1,11,,01.07.2017,8000000.0,<function Minuten at 0x1153ad950>,S. Kukuruzovic,Mittelfeld - Zentrales Mittelfeld,0,39,289,http://www.transfermarkt.ch/stjepan-kukuruzovic/profil/spieler/68655,FC St. Gallen 1879,33,FC Vaduz,FC Vaduz,FC St. Gallen 1879
IFM,20,Nike Nike Mercurial Vapor 360,0,2,,01.07.2017,1000000.0,<function Minuten at 0x1153ad950>,A. Kräuchi,Mittelfeld - Linkes Mittelfeld,0,20,89,http://www.transfermarkt.ch/alessandro-krauchi/profil/spieler/289892,FC St. Gallen 1879,5,FC Wil 1900,FC Wil 1900,FC St. Gallen 1879
Adamant Sports Management AG,20,Nike Nike Hypervenom Phantom III,0,2,,31.01.2018,1000000.0,<function Minuten at 0x1153ad950>,M. Muheim,Mittelfeld - Linkes Mittelfeld,0,3,36,http://www.transfermarkt.ch/miro-muheim/profil/spieler/298603,FC St. Gallen 1879,3,Chelsea U23,Chelsea U23,FC St. Gallen 1879
ESHA,21,,3,13,,01.07.2017,3500000.0,<function Minuten at 0x1153ad950>,A. Ajeti,Abwehr - Innenverteidiger,0,5,75,http://www.transfermarkt.ch/adonis-ajeti/profil/spieler/223380,FC St. Gallen 1879,0,FC Wil 1900,FC Wil 1900,FC St. Gallen 1879
Giallanza Sport,27, ,1,43,,01.07.2017,3500000.0,<function Minuten at 0x1153ad950>,P. Koch,Abwehr - Rechter Verteidiger,0,6,308,http://www.transfermarkt.ch/philippe-koch/profil/spieler/66037,FC St. Gallen 1879,20,Novara Calcio,Novara Calcio,FC St. Gallen 1879
IFM,19,,0,10,,01.07.2018,7000000.0,<function Minuten at 0x1153ad950>,J. van der Werff,Abwehr - Innenverteidiger,0,6,73,http://www.transfermarkt.ch/jasper-van-der-werff/profil/spieler/322519,Red Bull Salzburg,1,FC St. Gallen,FC St. Gallen 1879,Red Bull Salzburg
FS Management,26,,0,2,,01.07.2016,5000000.0,<function Minuten at 0x1153ad950>,Y. Musavu-King,Abwehr - Innenverteidiger,0,2,35,http://www.transfermarkt.ch/yrondu-musavu-king/profil/spieler/170994,Udinese Calcio,1,FC St. Gallen,FC St. Gallen 1879,Udinese Calcio
Front Group GmbH,20,,0,4,,02.02.2018,1000000.0,<function Minuten at 0x1153ad950>,C. Gasser,Abwehr - Innenverteidiger,0,2,90,http://www.transfermarkt.ch/cedric-gasser/profil/spieler/384104,FC St. Gallen 1879,1,St. Gallen U21,St. Gallen U21,FC St. Gallen 1879
,18,Nike Nike Mercurial Vapor 360,0,0,,01.07.2017,1000000.0,<function Minuten at 0x1153ad950>,N. Blasucci,Sturm - Mittelstürmer,0,14,66,http://www.transfermarkt.ch/noah-blasucci/profil/spieler/396361,FC St. Gallen 1879,3,St. Gallen U21,St. Gallen U21,FC St. Gallen 1879
,18,,1,18,,02.02.2018,4500000.0,<function Minuten at 0x1153ad950>,D. Vanin,Mittelfeld - Defensives Mittelfeld,0,0,59,http://www.transfermarkt.ch/dennis-vanin/profil/spieler/410618,FC St. Gallen 1879,0,St. Gallen U21,St. Gallen U21,FC St. Gallen 1879
,19,Nike Nike Magista Obra II,0,1,,01.07.2018,1000000.0,<function Minuten at 0x1153ad950>,N. Krucker,Torwart,0,0,33,http://www.transfermarkt.ch/nico-krucker/profil/spieler/410631,Vereinslos,0,FC St. Gallen,FC St. Gallen 1879,Vereinslos
ohne Berater,28,Nike Nike Mercurial Superfly 360,2,24,,01.07.2018,2750000.0,<function Minuten at 0x1153ad950>,K. Schulz,Abwehr - Linker Verteidiger,1,28,167,http://www.transfermarkt.ch/kofi-schulz/profil/spieler/192539,Apollon Smyrnis,9,FC Winterthur,FC Winterthur,Apollon Smyrnis
SBE Management AG,30,,1,53,,01.07.2017,4750000.0,<function Minuten at 0x1153ad950>,S. Lang,Mittelfeld - Linkes Mittelfeld,0,50,328,http://www.transfermarkt.ch/steven-lang/profil/spieler/59080,Servette FC,37,FC St. Gallen,FC St. Gallen 1879,Servette FC
,23,,0,18,,01.07.2017,1000000.0,<function Minuten at 0x1153ad950>,M. Scherrer,Mittelfeld - Defensives Mittelfeld,0,3,152,http://www.transfermarkt.ch/michael-scherrer/profil/spieler/282484,SC Brühl SG,7,FC St. Gallen,FC St. Gallen 1879,SC Brühl SG
Sportfront GmbH,33,,3,57,,01.07.2017,1250000.0,<function Minuten at 0x1153ad950>,M. Mutsch,Mittelfeld - Defensives Mittelfeld,2,12,345,http://www.transfermarkt.ch/mario-mutsch/profil/spieler/40878,FC Progrès Niederkorn,18,FC St. Gallen,FC St. Gallen 1879,FC Progrès Niederkorn
SportsTotal,22,,1,9,,01.07.2017,1000000.0,<function Minuten at 0x1153ad950>,L. Cueto,Mittelfeld - Linkes Mittelfeld,0,46,125,http://www.transfermarkt.ch/lucas-cueto/profil/spieler/232376,Preußen Münster,4,FC St. Gallen,FC St. Gallen 1879,Preußen Münster
IFM,23,Nike Nike Hypervenom Phantom III,0,18,,11.07.2017,1250000.0,<function Minuten at 0x1153ad950>,Roy Gelmi,Abwehr - Innenverteidiger,1,7,134,http://www.transfermarkt.ch/roy-gelmi/profil/spieler/282520,FC Thun,1,FC St. Gallen,FC St. Gallen 1879,FC Thun
TDS SPORTS,33,,3,92,,01.07.2018,3500000.0,<function Minuten at 0x1153ad950>,S. Salihovic,Mittelfeld - Zentrales Mittelfeld,2,108,397,http://www.transfermarkt.ch/sejad-salihovic/profil/spieler/9354,Unbekannt,79,Hamburger SV,Hamburger SV,Unbekannt
,23,,0,3,,27.09.2017,1500000.0,<function Minuten at 0x1153ad950>,P. Albrecht,Torwart,0,0,83,http://www.transfermarkt.ch/pascal-albrecht/profil/spieler/183445,SC Brühl SG,0,Vereinslos,Vereinslos,SC Brühl SG
EW Management GmbH,25,,0,12,,01.07.2018,2500000.0,<function Minuten at 0x1153ad950>,M. Gouaida,Mittelfeld - Offensives Mittelfeld,0,27,171,http://www.transfermarkt.ch/mohamed-gouaida/profil/spieler/192294,SV Sandhausen,26,Hamburger SV II,Hamburger SV II,SV Sandhausen
MG-Sport-Management GmbH,21,Nike Nike Tiempo Legend VII FG,1,16,,01.07.2017,5000000.0,<function Minuten at 0x1153ad950>,G. Gaudino,Mittelfeld - Zentrales Mittelfeld,0,4,135,http://www.transfermarkt.ch/gianluca-gaudino/profil/spieler/195051,Chievo Verona,7,Bayern München,Bayern München,Chievo Verona
ohne Berater,24,,0,17,,01.07.2017,4000000.0,<function Minuten at 0x1153ad950>,N. Da Silva,Mittelfeld - Linkes Mittelfeld,0,32,160,http://www.transfermarkt.ch/nuno-da-silva/profil/spieler/203111,FC Thun,27,FC Breitenrain,FC Breitenrain,FC Thun
Sportfront GmbH,30,,2,60,,31.08.2017,5000000.0,<function Minuten at 0x1153ad950>,M. Costanzo,Mittelfeld - Offensives Mittelfeld,1,119,403,http://www.transfermarkt.ch/moreno-costanzo/profil/spieler/41207,FC Thun,56,FC Vaduz,FC Vaduz,FC Thun
ohne Berater,23,,1,31,,01.07.2017,5000000.0,<function Minuten at 0x1153ad950>,C. Kablan,Abwehr - Linker Verteidiger,0,11,133,http://www.transfermarkt.ch/chris-kablan/profil/spieler/237986,FC Thun,9,SC Kriens,SC Kriens,FC Thun
,24,,0,10,,04.01.2018,6000000.0,<function Minuten at 0x1153ad950>,Sven Joss,Abwehr - Rechter Verteidiger,0,6,126,http://www.transfermarkt.ch/sven-joss/profil/spieler/203115,FC Thun,6,BSC Young Boys,BSC Young Boys,FC Thun
SBE Management AG,22,,0,7,,01.01.2018,5000000.0,<function Minuten at 0x1153ad950>,D. Schwizer,Mittelfeld - Linkes Mittelfeld,0,11,77,http://www.transfermarkt.ch/dominik-schwizer/profil/spieler/365112,FC Thun,15,Rapperswil-Jona,Rapperswil-Jona,FC Thun
MandA Sàrl,21,,0,6,,01.07.2017,3000000.0,<function Minuten at 0x1153ad950>,M. Rodrigues,Abwehr - Innenverteidiger,0,2,82,http://www.transfermarkt.ch/miguel-rodrigues/profil/spieler/287549,FC Thun,0,Servette FC,Servette FC,FC Thun
IFM,20,Nike Nike Magista Obra II,0,19,,01.07.2016,3500000.0,<function Minuten at 0x1153ad950>,R. Huser,Mittelfeld - Zentrales Mittelfeld,0,18,104,http://www.transfermarkt.ch/robin-huser/profil/spieler/243873,FC Basel 1893 U21,3,FC Thun,FC Thun,FC Basel U21
Kögl & Partner GmbH,20, ,1,16,,05.02.2016,2000000.0,<function Minuten at 0x1153ad950>,C. Trachsel,Abwehr - Linker Verteidiger,0,4,71,http://www.transfermarkt.ch/colin-trachsel/profil/spieler/341324,FC Thun,0,Rapperswil-Jona,Rapperswil-Jona,FC Thun
BDreamz,28,,0,56,,18.09.2017,4250000.0,<function Minuten at 0x1153ad950>,G. Frontino,Mittelfeld - Offensives Mittelfeld,0,144,342,http://www.transfermarkt.ch/gianluca-frontino/profil/spieler/59036,FC Aarau,34,FC Winterthur,FC Winterthur,FC Aarau
SOCCER MONDIAL,33,,3,42,,01.07.2018,2750000.0,<function Minuten at 0x1153ad950>,E. Schirinzi,Mittelfeld - Linkes Mittelfeld,2,39,382,http://www.transfermarkt.ch/enrico-schirinzi/profil/spieler/33348,Vereinslos,39,FC Vaduz,FC Vaduz,Vereinslos
Top Sport Services,26,,1,21,,07.09.2017,3000000.0,<function Minuten at 0x1153ad950>,L. Zino,Mittelfeld - Zentrales Mittelfeld,0,4,98,http://www.transfermarkt.ch/lotem-zino/profil/spieler/201169,Hapoel Akko,2,M. Petah Tikva,M. Petah Tikva,Hapoel Akko
,24,,0,6,,15.09.2017,3000000.0,<function Minuten at 0x1153ad950>,N. Peyretti,Mittelfeld - Rechtes Mittelfeld,0,12,128,http://www.transfermarkt.ch/norman-peyretti/profil/spieler/278365,FC Aarau,14,FC Thun,FC Thun,FC Aarau
,21,,0,8,,01.07.2018,1000000.0,<function Minuten at 0x1153ad950>,I. Markovic,Sturm - Mittelstürmer,0,36,85,http://www.transfermarkt.ch/ivan-markovic/profil/spieler/308785,Vereinslos,1,FC Thun,FC Thun,Vereinslos
Sport 11 AG,24,Nike Nike Mercurial Superfly 360,0,27,,01.07.2017,4000000.0,<function Minuten at 0x1153ad950>,C. Fassnacht,Sturm - Rechtsaußen,0,70,233,http://www.transfermarkt.ch/christian-fassnacht/profil/spieler/250490,BSC Young Boys,19,FC Thun,FC Thun,BSC Young Boys
,35,,1,24,,01.07.2017,,<function Minuten at 0x1153ad950>,T. Reinmann,Abwehr - Innenverteidiger,1,8,339,http://www.transfermarkt.ch/thomas-reinmann/profil/spieler/19755,Karriereende,4,FC Thun,FC Thun,Karriereende
SOCCER MONDIAL,25,Nike Nike Tiempo Legend VII FG,4,26,,01.07.2018,4000000.0,<function Minuten at 0x1153ad950>,M. Bürki,Abwehr - Innenverteidiger,2,3,125,http://www.transfermarkt.ch/marco-burki/profil/spieler/172192,SV Zulte Waregem,3,BSC Young Boys,BSC Young Boys,SV Zulte Waregem
TJP-Sport-Management,24, ,1,10,,26.08.2017,2500000.0,<function Minuten at 0x1153ad950>,N. Moumi Ngamaleu,Sturm - Rechtsaußen,0,15,84,http://www.transfermarkt.ch/nicolas-moumi-ngamaleu/profil/spieler/266768,BSC Young Boys,11,SCR Altach,SCR Altach,BSC Young Boys
Signature - ISCM AG,21,Nike Nike Magista Obra II,0,12,,01.07.2017,6500000.0,<function Minuten at 0x1153ad950>,D. Sow,Mittelfeld - Zentrales Mittelfeld,0,10,115,http://www.transfermarkt.ch/djibril-sow/profil/spieler/212723,BSC Young Boys,14,Bor. M'gladbach,Bor. M'gladbach,BSC Young Boys
Sport Profile,25,,0,8,,19.07.2017,4500000.0,<function Minuten at 0x1153ad950>,J. Nsame,Sturm - Mittelstürmer,0,40,105,http://www.transfermarkt.ch/jean-pierre-nsame/profil/spieler/225055,BSC Young Boys,12,Servette FC,Servette FC,BSC Young Boys
3A,24,Nike Nike Mercurial Vapor 360,0,10,,01.07.2017,7500000.0,<function Minuten at 0x1153ad950>,R. Assalé,Sturm - Mittelstürmer,1,35,92,http://www.transfermarkt.ch/roger-assale/profil/spieler/263183,BSC Young Boys,19,TP Mazembe,TP Mazembe,BSC Young Boys
JJ SPORT MANAGERS SL,23,Nike Nike Hypervenom Phantom III,2,35,,01.07.2017,8500000.0,<function Minuten at 0x1153ad950>,K. Nuhu,Abwehr - Innenverteidiger,1,5,106,http://www.transfermarkt.ch/kasim-nuhu/profil/spieler/263801,BSC Young Boys,3,RCD Mallorca,RCD Mallorca,BSC Young Boys
MEDIATION CONSEIL FOOTBALL,27,,0,2,,01.07.2010,1000000.0,<function Minuten at 0x1153ad950>,A. Letellier,Torwart,0,0,61,http://www.transfermarkt.ch/alexandre-letellier/profil/spieler/93730,SCO Angers,0,BSC Young Boys,BSC Young Boys,SCO Angers
RIVA SPORTS MANAGEMENT LTD,23,,0,26,,01.07.2017,9500000.0,<function Minuten at 0x1153ad950>,K. Mbabu,Abwehr - Rechter Verteidiger,1,5,99,http://www.transfermarkt.ch/kevin-mbabu/profil/spieler/183321,BSC Young Boys,14,Newcastle Utd.,Newcastle Utd.,BSC Young Boys
Think Ball & Sports Consulting,19,Nike Nike Mercurial Superfly 360,0,8,,30.08.2017,7500000.0,<function Minuten at 0x1153ad950>,P. Teixeira,Mittelfeld - Linkes Mittelfeld,1,23,68,http://www.transfermarkt.ch/pedro-teixeira/profil/spieler/433189,BSC Young Boys,2,NE Xamax,NE Xamax,BSC Young Boys
Sportfront GmbH,23,Nike Nike Hypervenom Phantom III,1,15,,01.07.2015,7000000.0,<function Minuten at 0x1153ad950>,M. Castroman,Mittelfeld - Offensives Mittelfeld,0,21,146,http://www.transfermarkt.ch/miguel-castroman/profil/spieler/183309,BSC Young Boys,18,FC Schaffhausen,FC Schaffhausen,BSC Young Boys
Gurrieri Calcio Management,22,,0,11,,01.01.2018,1500000.0,<function Minuten at 0x1153ad950>,T. Fekete,Abwehr - Linker Verteidiger,0,1,72,http://www.transfermarkt.ch/thomas-fekete/profil/spieler/183615,Vereinslos,0,BSC YB U21,BSC YB U21,Vereinslos
Giallanza Sport,23, ,0,9,,01.07.2013,1500000.0,<function Minuten at 0x1153ad950>,D. von Ballmoos,Torwart,1,0,119,http://www.transfermarkt.ch/david-von-ballmoos/profil/spieler/203124,BSC Young Boys,0,FC Winterthur,FC Winterthur,BSC Young Boys
ONSIDE,21,Nike Nike Magista Obra II,1,30,,01.07.2017,20000000.0,<function Minuten at 0x1153ad950>,D. Zakaria,Mittelfeld - Defensives Mittelfeld,0,14,143,http://www.transfermarkt.ch/denis-zakaria/profil/spieler/334526,Borussia Mönchengladbach,7,BSC Young Boys,BSC Young Boys,Borussia Mönchengladbach
ohne Berater,24,Nike Nike Mercurial Vapor 360,0,4,,01.07.2017,3000000.0,<function Minuten at 0x1153ad950>,Y. Mvogo,Torwart,0,0,205,http://www.transfermarkt.ch/yvon-mvogo/profil/spieler/147051,RasenBallsport Leipzig,0,BSC Young Boys,BSC Young Boys,RasenBallsport Leipzig
score agencies,28,Nike Nike Mercurial Vapor 360,0,20,,26.08.2017,3000000.0,<function Minuten at 0x1153ad950>,Y. Ravet,Sturm - Rechtsaußen,1,52,262,http://www.transfermarkt.ch/yoric-ravet/profil/spieler/82461,SC Freiburg,68,BSC Young Boys,BSC Young Boys,SC Freiburg
Jan Levy,27,,3,40,,05.07.2017,4000000.0,<function Minuten at 0x1153ad950>,J. Lecjaks,Abwehr - Linker Verteidiger,0,10,314,http://www.transfermarkt.ch/jan-lecjaks/profil/spieler/62854,GNK Dinamo Zagreb,44,BSC Young Boys,BSC Young Boys,GNK Dinamo Zagreb
Giallanza Sport,23, ,1,33,,01.07.2017,2500000.0,<function Minuten at 0x1153ad950>,M. Frey,Sturm - Mittelstürmer,0,75,232,http://www.transfermarkt.ch/michael-frey/profil/spieler/147043,FC Zürich,31,BSC Young Boys,BSC Young Boys,FC Zürich
Interscout GmbH,31,,0,35,,01.07.2017,5000000.0,<function Minuten at 0x1153ad950>,M. Gajic,Mittelfeld - Zentrales Mittelfeld,0,42,296,http://www.transfermarkt.ch/milan-gajic/profil/spieler/46928,FC Vaduz,34,BSC Young Boys,BSC Young Boys,FC Vaduz
Total Football,27, ,3,39,,05.07.2017,5000000.0,<function Minuten at 0x1153ad950>,V. Pálsson,Mittelfeld - Defensives Mittelfeld,1,16,252,http://www.transfermarkt.ch/victor-palsson/profil/spieler/97241,FC Zürich,9,Esbjerg fB,Esbjerg fB,FC Zürich
MD Management,27, ,0,22,,01.07.2018,1000000.0,<function Minuten at 0x1153ad950>,R. Thelander,Abwehr - Innenverteidiger,3,9,175,http://www.transfermarkt.ch/rasmus-thelander/profil/spieler/129092,Vitesse Arnheim,6,FC Zürich,FC Zürich,Vitesse Arnheim
IFM,20,,0,11,,06.07.2017,1500000.0,<function Minuten at 0x1153ad950>,Y. Maouche,Mittelfeld - Defensives Mittelfeld,1,2,85,http://www.transfermarkt.ch/yassin-maouche/profil/spieler/369872,FC Zürich,3,Servette FC,Servette FC,FC Zürich
Nadir Kama,20, ,0,1,,04.10.2017,4000000.0,<function Minuten at 0x1153ad950>,S. Odey,Sturm - Mittelstürmer,0,3,19,http://www.transfermarkt.ch/stephen-odey/profil/spieler/491890,FC Zürich,0,MFM FC,MFM FC,FC Zürich
Familienangehörige,21,Nike Nike Mercurial Vapor 360,0,4,,01.07.2018,3500000.0,<function Minuten at 0x1153ad950>,K. Pagliuca,Sturm - Mittelstürmer,0,20,61,http://www.transfermarkt.ch/kilian-pagliuca/profil/spieler/192652,FC Zürich U21,4,FC Zürich,FC Zürich,FC Zürich U21
SBE Management AG,19,Nike Nike Hypervenom Phantom III,1,10,,01.07.2017,4000000.0,<function Minuten at 0x1153ad950>,K. Rüegg,Abwehr - Rechter Verteidiger,0,4,82,http://www.transfermarkt.ch/kevin-ruegg/profil/spieler/290032,FC Zürich,10,FC Zürich U21,FC Zürich U21,FC Zürich
,21, ,3,24,,01.07.2018,2000000.0,<function Minuten at 0x1153ad950>,A. Sadrijaj,Abwehr - Innenverteidiger,0,5,84,http://www.transfermarkt.ch/albin-sadrijaj/profil/spieler/258289,FC Zürich U21,1,FC Zürich,FC Zürich,FC Zürich U21
SBE Management AG,19, ,0,1,,01.07.2017,4000000.0,<function Minuten at 0x1153ad950>,M. Haile-Selassie,Mittelfeld - Linkes Mittelfeld,0,6,46,http://www.transfermarkt.ch/maren-haile-selassie/profil/spieler/421807,FC Zürich,3,FC Zürich U18,FC Zürich U18,FC Zürich
Footuro AG,22,,0,2,,01.07.2018,500000.0,<function Minuten at 0x1153ad950>,Y. Fillion,Torwart,0,0,25,http://www.transfermarkt.ch/yann-alexandre-fillion/profil/spieler/364653,FC Zürich U21,0,FC Zürich,FC Zürich,FC Zürich U21
SOCCER MONDIAL,21, ,0,9,,01.07.2014,5500000.0,<function Minuten at 0x1153ad950>,T. Schättin,Abwehr - Linker Verteidiger,0,8,103,http://www.transfermarkt.ch/tobias-schattin/profil/spieler/237679,FC Winterthur,5,FC Zürich,FC Zürich,FC Winterthur
MÜLLER & PAPARIS  RECHTSANWÄLTE / ATTORNEYS AT LAW,22,,0,11,,01.07.2017,2000000.0,<function Minuten at 0x1153ad950>,M. Graf,Sturm - Mittelstürmer,0,16,95,http://www.transfermarkt.ch/marvin-graf/profil/spieler/183314,FC Zürich U21,3,FC Zürich,FC Zürich,FC Zürich U21
Gold Kick SA,34,,1,17,,01.07.2017,,<function Minuten at 0x1153ad950>,A. Favre,Torwart,0,0,316,http://www.transfermarkt.ch/anthony-favre/profil/spieler/10059,Karriereende,0,FC Zürich,FC Zürich,Karriereende
arena11 sports group,21,Nike Nike Mercurial Superfly 360,0,12,,30.01.2018,2000000.0,<function Minuten at 0x1153ad950>,M. Koné,Sturm - Mittelstürmer,0,34,73,http://www.transfermarkt.ch/moussa-kone/profil/spieler/364239,SG Dynamo Dresden,8,FC Zürich,FC Zürich,SG Dynamo Dresden
,25,Nike Nike Mercurial Vapor 360,0,53,,01.07.2017,6000000.0,<function Minuten at 0x1153ad950>,O. Buff,Mittelfeld - Offensives Mittelfeld,1,33,261,http://www.transfermarkt.ch/oliver-buff/profil/spieler/107785,Real Saragossa ,35,FC Zürich,FC Zürich,Real Saragossa 
Teamgeist,25, ,3,26,,05.07.2017,1500000.0,<function Minuten at 0x1153ad950>,M. Kleiber,Abwehr - Rechter Verteidiger,0,6,134,http://www.transfermarkt.ch/mike-kleiber/profil/spieler/165517,FC Rapperswil-Jona,5,FC Zürich,FC Zürich,FC Rapperswil-Jona
RGFOOTBALL,30, ,4,64,,09.08.2017,4000000.0,<function Minuten at 0x1153ad950>,I. Kecojevic,Abwehr - Innenverteidiger,1,13,275,http://www.transfermarkt.ch/ivan-kecojevic/profil/spieler/69005,FC Cádiz,4,FC Zürich,FC Zürich,FC Cádiz
Go 4 Sports AG,30,Nike Nike Tiempo Legend VII FG,0,39,,01.07.2018,,<function Minuten at 0x1153ad950>,D. Cavusevic,Sturm - Mittelstürmer,2,73,271,http://www.transfermarkt.ch/dzengis-cavusevic/profil/spieler/68287,Vereinslos,24,Adelaide United,Adelaide United,Vereinslos
Dierolf Rechtsanwälte AG,31,Nike Nike Hypervenom Phantom III,0,26,,06.03.2018,3000000.0,<function Minuten at 0x1153ad950>,Kay Voser,Abwehr - Linker Verteidiger,1,3,310,http://www.transfermarkt.ch/kay-voser/profil/spieler/40140,Charlotte Independence,12,FC Zürich,FC Zürich,Charlotte Independence
,22,,1,14,,01.07.2018,3500000.0,<function Minuten at 0x1153ad950>,N. Stettler,Abwehr - Rechter Verteidiger,1,2,118,http://www.transfermarkt.ch/nicolas-stettler/profil/spieler/192621,FC Zürich U21,3,FC Zürich,FC Zürich,FC Zürich U21
,33, ,1,32,,01.07.2017,,<function Minuten at 0x1153ad950>,D. Chiumiento,Mittelfeld - Offensives Mittelfeld,2,39,346,http://www.transfermarkt.ch/davide-chiumiento/profil/spieler/17332,Vereinslos,61,FC Zürich,FC Zürich,Vereinslos
Giallanza Sport,36,Nike Nike Tiempo Legend VII FG,4,63,,01.07.2018,2000000.0,<function Minuten at 0x1153ad950>,G. Yapi,Mittelfeld - Defensives Mittelfeld,2,45,456,http://www.transfermarkt.ch/gilles-yapi/profil/spieler/13105,Vereinslos,36,FC Zürich,FC Zürich,Vereinslos
Soccerdome,22, ,0,4,,01.07.2015,1000000.0,<function Minuten at 0x1153ad950>,N. Baumann,Torwart,0,0,74,http://www.transfermarkt.ch/novem-baumann/profil/spieler/183308,FC Zürich,0,Rapperswil-Jona,Rapperswil-Jona,FC Zürich
