Traktanden Nr.;Traktandierungstitel;Beschluss Nr.;Traktandumstatus;Beschluss;Datum
1;Motion Fraktion AL/GPB-DA/PdA+ (Christa Ammann, AL): Ein Haus der Vereine im Ringhof!;;Traktandiert;;14.06.2018
19;Dringliche interfraktionelle Motion FDP/JF, BDP/CVP (Barbara Freiburghaus, FDP/Michael Daphinoff, CVP): Eine echte Generationenbrücke für künftige Generationen statt Velobrücke und/oder Panoramasteg;2018-321;Beschlossen;Verschiebung;14.06.2018
20;Motion Fraktion SVP (Alexander Feuz, SVP): Velowege an der Aare: Stopp unnätiger Planungskosten!;2018-322;Beschlossen;Verschiebung;14.06.2018
21;Motion Fraktion SP (Michael Sutter/David Stampfli, SP): Friedliches Nebeneinander von Fussgängerinnen und Velofahrern zwischen Schänausteg und Eichholz;2018-323;Beschlossen;Verschiebung;14.06.2018
22;Postulat Fraktion SVP (Hans Ulrich Gränicher/Alexander Feuz, SVP): Erhähen der Verkehrssicherheit für Fussgängerinnen und Fussgänger in der Berner Innenstadt durch Beschränken der Fahrgeschwindigkeit der Velofahrenden und/oder das Erlassen von Fahrverboten an stark frequentierten Orten;2018-324;Beschlossen;Verschiebung;14.06.2018
23;Interpellation Fraktion SVP (Alexander Feuz/Hans Ulrich Gränicher/Roland Jakob, SVP): Besserer Schutz der Fussgänger in der Stadt Bern vor Velorowdys und E-Bikes!;2018-325;Beschlossen;Verschiebung;14.06.2018
24;Interpellation Fraktion SVP (Rudolf Friedli, SVP): Verbilligte Velostationsabonnemente als Wahlgeschenke?;2018-326;Beschlossen;Verschiebung;14.06.2018
1;Protokollgenehmigung Stadtrat 2018 (Protokoll Nr. 10 vom 03.05.2018 und Protokoll Nr. 11 vom 17.05.2018);2018-327;Beschlossen;Genehmigung;28.06.2018
2;Aufsichtskommission (AK): Ersatzwahl;2018-328;Beschlossen;Wahl;28.06.2018
3;Kommission für Finanzen, Sicherheit und Umwelt (FSU): Ersatzwahl;2018-329;Beschlossen;Wahl;28.06.2018
4;Agglomerationskommission (AKO): Ersatzwahl;2018-330;Beschlossen;Wahl;28.06.2018
5;BERNMOBIL: Ersatzwahl Verwaltungsrat für die Amtsdauer bis Ende 2020 (Ersatzwahl Sedlmayer);2018-331;Beschlossen;Wahl;28.06.2018
6;Kleine Anfrage Barbara Freiburghaus (FDP): Verursacht das Veloverleihsystem doch Betriebskosten für die Stadt Bern?;2018-332;Beschlossen;Kenntnis;28.06.2018
7;Kleine Anfrage Fraktion GB/JA! (Ursina Anderegg, GB): Polizeiliche Videoüberwachung äffentlicher Raum beim Falkenplatz;2018-333;Beschlossen;Kenntnis;28.06.2018
8;Jahresbericht 2017;2018-334;Beschlossen;Kenntnis;28.06.2018
9;Dringliche interfraktionelle Motion FDP/JF, BDP/CVP (Barbara Freiburghaus, FDP/Michael Daphinoff, CVP): Eine echte Generationenbrücke für künftige Generationen statt Velobrücke und/oder Panoramasteg;2018-335;Beschlossen;Teilweise Erheblicherkl. als Postulat;28.06.2018
10;Sanierung Thunstrasse West Projektierungskredit (Bauprojekt);2018-336;Beschlossen;Bewilligung;28.06.2018
11;Verkehrsberuhigung Brunnadern-Elfenau Projektierungskredit (Bauprojekt);2018-337;Beschlossen;Bewilligung;28.06.2018
12;Dringliche Motion Fraktion GB/JA! (Rahel Ruch, GB/Seraina Patzen, JA!): Unabhängige Untersuchung des Polizeieinsatzes vom 7.4.2018;2018-338;Beschlossen;Verschiebung;28.06.2018
13;Postulat Fraktion SP (Benno Frauchiger/Martin Krebs, SP): Alternative Arbeitszeitmodelle auch in der Exekutive: Einführung der Mäglichkeit einer Teamkandidatur für den Gemeinderat;2018-339;Beschlossen;Verschiebung;28.06.2018
14;Bericht über die Verwaltungskontrollarbeit der Aufsichtskommission (AK) im Jahr 2017;2018-340;Beschlossen;Verschiebung;28.06.2018
15;Tätigkeitsbericht der Ombuds- und der Datenaufsichtsstelle 2017;2018-341;Beschlossen;Verschiebung;28.06.2018
16;Wasserstrategie der Stadt Bern;2018-342;Beschlossen;Verschiebung;28.06.2018
1;Dringliches interfraktionelles Postulat BDP/CVP, FDP/JF, SVP (Lionel Gaudy, BDP/Barbara Freiburghaus, FDP/Kurt Rüegsegger, SVP): Verkehrsregime Guisanplatz – Planung mit Verstand;;Traktandiert;;31.05.2018
1;Dringliche Motion Fraktion FDP/JF (Bernhard Eicher, FDP): Die Ecole française Internationale de Berne retten;;Traktandiert;;17.05.2018
2;Dringliche Motion Fraktion GFL/EVP (Manuel C. Widmer, GFL/Bettina Jans-Troxler, EVP): Neustart jetzt: Sicherheits- und Alarmsystem an Schulen;;Traktandiert;;17.05.2018
3;Dringliche Interpellation Freie Fraktion AL/GaP/PdA (Luzius Theiler, GaP): Wettbewerb Viererfeld: Warum werden die Versprechungen in der Abstimmungsbotschaft nicht eingehalten?;;Traktandiert;;17.05.2018
1;"Interfraktionelle Motion GB/JA!, SP, GFL/EVP (Leena Schmitter, GB/Seraina Patzen, JA!/Michael Sutter, SP/Manuel C. Widmer, GFL): Unabhängige Untersuchung zum Polizeieinsatz bei den Miss-Schweiz-Wahlen; Begründungsbericht";;Traktandiert;;03.05.2018
2;"Motion Fraktion SP/JUSO (Andreas Flückiger/Rolf Schuler, SP): Wohnen im Kleefeld am Stadtbach; Fristverlängerung";;Traktandiert;;03.05.2018
3;"Interfraktionelles Postulat SP, GB/JA! (Peter Marbet, SP/Franziska Grossenbacher, GB): Meinen-Areal: Wohnungsbau für Familien fördern; Fristverlängerung";;Traktandiert;;03.05.2018
4;"Motion Tania Espinoza Haller (GFL), Bettina Jans-Troxler (EVP), Sandra Ryser (GLP), Kurt Hirsbrunner (BDP), Claudio Fischer (CVP): Die Stadt Bern muss als Bundeshauptstadt Farbe bekennen: Das Zieglerspital soll möglichst rasch zum ersten (befristeten) Bundeszentrum für Asylsuchende (BZ) des Kantons Bern bestimmt werden; als rasche Zwischenlösung ist die Einrichtung eines städtischen Durchgangszentrums (DZ) ins Auge zu fassen; Begründungsbericht";;Traktandiert;;03.05.2018
5;"Interfraktionelle Motion Fraktionen GB/JA!, SP, BDP/CVP, AL/GPB-DA/PdA+ (Leena Schmitter, GB/Seraina Patzen, JA!/Michael Sutter, SP/Lionel Gaudy, BDP/Claudio Fischer, CVP/Christa Ammann, AL): Plätze aus der Notunterkunft Hochfeld im Zieglerspital integrieren und Hochfeldbunker schliessen!; Begründungsbericht";;Traktandiert;;03.05.2018
6;"Postulat Fraktion SP (Peter Marbet/Michael Sutter, SP): Meinen-Areal: Wohnungen – für alle statt für wenige; Fristverlängerung";;Traktandiert;;03.05.2018
7;"Interfraktionelle Motion GB/JA!, GLP (Lea Bill, JA!/Leena Schmitter, GB/Peter Ammann, GLP): Gleiche Rechte für alle: Kundgebungen während den eidgenössischen Sessionen auf dem Bundesplatz erlauben; Fristverlängerung";;Traktandiert;;03.05.2018
8;Motion Fraktion SP (Peter Marbet, SP): Erhalt des Kirchgemeindehauses Steigerhubel als Sozial- und Bildungszentrum, Fristverlängerung;;Traktandiert;;03.05.2018
9;"Postulat Fraktion SP (Fuat Köçer, SP): Die Jugend braucht für ihre Entfaltung genügend Raum; Fristverlängerung";;Traktandiert;;03.05.2018
10;"Motion Fraktion BDP/CVP (Edith Leibundgut, CVP / Kurt Hirsbrunner, BDP): Bedürfnisgerechtes Angebot an Familiengärten in der Stadt Bern; Fristverlängerung Punkt 4 und 5";;Traktandiert;;03.05.2018
11;"Interfraktionelle Motion SP, BDP/CVP (Lea Kusano, SP/Kurt Hirsbrunner, BDP): Ja zur Schulwegsicherheit im Galgenfeld – Ja zur Lichtsignalanlage!; Fristverlängerung";;Traktandiert;;03.05.2018
12;"Postulat Fraktion GLP (Daniel Imthurn/Jürg Weder, GLP): öV-Verbindungen Bahnhof Weissenbühl-Paul-Klee-Zentrum und Länggasse-Bahnhof Wankdorf herstellen!; Fristverlängerung";;Traktandiert;;03.05.2018
13;"lnterfraktionelles Postulat SP/JUSO, GB/JA! (Stefan Jordi, SP/Stéphanie Penher, GB): Kleine Allmend: Keine Blechlawine auf der grünen Wiese!; Fristverlängerung";;Traktandiert;;03.05.2018
14;"Postulat Fraktion GB/JA! (Stéphanie Penher/Franziska Grossenbacher, GB): Parkplätze auf öffentlichem Grund um mindestens 10 Prozent reduzieren; Fristverlängerung";;Traktandiert;;03.05.2018
15;"Postulat Fraktion GLP (Melanie Mettler/Sandra Ryser, GLP): Etappierte Entwicklung auf dem Areal der Alten Feuerwehrkaserne; Fristverlängerung";;Traktandiert;;03.05.2018
16;"Postulat Fraktion GB/JA! (Esther Oester/Stéphanie Penher, GB): Feuerwehrkaserne Viktoria: Gemeinnütziges Wohnen im Einklang mit quartierbelebendem Gewerbe ermöglichen; Fristverlängerung Punkt 4";;Traktandiert;;03.05.2018
17;"Motion Fraktion GB/JA! (Esther Oester/Stéphanie Penher, GB): Feuerwehrkaserne Viktoria: Gemeinnütziges Wohnen im Einklang mit quartierbelebendem Gewerbe ermöglichen; Fristverlängerung Punkt 1 und 3";;Traktandiert;;03.05.2018
18;"Motion Fraktion GLP (Melanie Mettler/Sandra Ryser, GLP): Etappierte Entwicklung auf dem Areal der Alten Feuerwehrkaserne; Fristverlängerung Punkt 1, 2, 4, 6, 7 und 8";;Traktandiert;;03.05.2018
19;"Postulat Fraktion GB/JA! (Regula Tschanz, GB): Beratung von IAFP, Jahresbericht und Produktegruppen-Budget; Fristverlängerung";;Traktandiert;;03.05.2018
20;"Motion Aufsichtskommission AK (Kurt Hirsbrunner, BDP/Nicola von Greyerz, SP): PGB – Überprüfung von Kennzahlen, Steuerungsvorgaben und ""light""-Dienststellen; Fristverlängerung";;Traktandiert;;03.05.2018
21;"Postulat Fraktion FDP (Bernhard Eicher, FDP): Park Brückenstrasse für die Bevölkerung zugänglich machen; Fristverlängerung";;Traktandiert;;03.05.2018
22;"Interfraktionelle Motion SP, GB/JA!, GLP, GFL/EVP, BDP/CVP (Michael Sutter, SP/Christina Anliker-Mansour, GB/Sandra Ryser, GLP/Daniela Lutz-Beck, GFL/Kurt Hirsbrunner, BDP): Schaffung einer Asylunterkunft im Gebäude des Zieglerspitals und Schliessung des Hochfelds; Begründungsbericht";;Traktandiert;;03.05.2018
23;"Interfraktionelle Motion Fraktion GB/JA!, SP (Cristina Anliker-Mansour, GB/Christa Ammann, AL/Michael Sutter, SP): Die NUK Hochfeld darf kein Dauerprovisorium werden; Begründungsbericht";;Traktandiert;;03.05.2018
24;"Motion Fraktion GB/JA! (Leena Schmitter, GB/Lea Bill, JA!): Cannabis Social Clubs auch in Bern!; Begründungsbericht";;Traktandiert;;03.05.2018
25;"Motion Fraktion GB/JA! (Regula Bühlmann, GB): Mahlzeiten 3: Lustvoller und gesunder Umgang mit Essen in Berner Kitas; Begründungsbericht";;Traktandiert;;03.05.2018
26;"Motion Fraktion GB/JA! (Cristina Anliker-Mansour, GB): Mahlzeiten 1: Cateringlieferungsfirma mit Ausbildungsplätzen für erwerbslose AusländerInnen; Begründungsbericht";;Traktandiert;;03.05.2018
27;"Interfraktionelle Motion FDP, SP, BDP/CVP, GFL/EVP, GB/JA!, SVP (Bernhard Eicher FDP/Rithy Chheng SP/Kurt Hirsbrunner, BDP/Claudio Fischer, CVP/Janine Wicki, GFL/Bettina Jans-Troxler, EVP/Regula Tschanz, GB/Seraina Patzen, JA!/Ueli Jaisli, SVP): Kirchliche Gemeinschaftszentren sollen auch künftig für Gemeinwesenarbeit benützt werden können; Begründungsbericht";;Traktandiert;;03.05.2018
28;"Interfraktionelle Motion SP/JUSO, BDP/CVP (Rithy Chheng, SP/Vinzenz Bartlome, BDP): Generationenpark für Bern, ein Pilotversuch im Bienzgut; Begründungsbericht";;Traktandiert;;03.05.2018
29;"Interfraktionelle Motion SP, GFL/EVP, GLP, GB/JA! (Thomas Göttin, SP/Lukas Gutzwiller, GFL/Melanie Mettler, GLP/Regula Tschanz, GB): Lärmschutz und Stadtreparatur im Osten Berns; Begründungsbericht";;Traktandiert;;03.05.2018
30;"Motion Fraktion FDP (Alexandre Schmidt, FDP): Eine Sanierungsstrategie für die städtische Infrastruktur; Begründungsbericht";;Traktandiert;;03.05.2018
1;Kleine Anfrage Fraktion SVP (Alexander Feuz, SVP): Realisierung eines Parks auf dem Areal des NPZ (Nationales Pferdzentrum): Was wären die Folgen für den bernischen Pferdesport, den Reiterzug der KAPO, die Kavallerie Bereitermusik Bern und weitere betroffene Vereine?;;Traktandiert;;26.04.2018
2;Kleine Anfrage Barbara Freiburghaus (FDP), Lionel Gaudy (BDP): Erfolgskriterien Verkehrsversuch Guisanplatz;;Traktandiert;;26.04.2018
3;Dringliche Interpellation Fraktion SVP (Alexander Feuz/Rudolf Friedli, SVP): Frei werdende ehemalige KITAG Kino-Säle in der Innenstadt: Könnte einer davon – bei vernünftigem Kosten-/Nutzen-Verhältnis – als Alternative für die Tankere genutzt werden?;;Traktandiert;;26.04.2018
1;Protokollgenehmigungen Stadtrat 2018 (Protokoll Nr. 04 vom 15.02.2018 und Nr. 05 vom 01.03.2018);2018-162;Beschlossen;;05.04.2018
2;Kleine Anfrage Fraktion SVP (Alexander Feuz, SVP): Nein zur Eingangskontrolle für die Polizei! Nein zur weiteren Zementierung des rechtsfreien Raumes!;2018-163;Beschlossen;;05.04.2018
3;Dringliche Motion Lionel Gaudy, Philip Kohli (BDP): Bei einem Amoklauf bringt das Posthorn nichts – mehr Sicherheit an Berner Schulen!;2018-164;Beschlossen;;05.04.2018
4;Dringliche lnterpellation Fraktion SP/JUSO (Timur Akçasayar, SP): Konzessionserneuerung WKW Mühleberg: Folgen für die Stadt Bern?;2018-165;Beschlossen;;05.04.2018
5;"Schwarztorstrasse, Einführung Velogegenverkehr: Anpassung und Erneuerung der Lichtsignalanlagen sowie Strassen- und Werkleitungssanierung im Abschnitt Belpstrasse – Monbijoustrasse; Ausführungskredit";2018-166;Beschlossen;;05.04.2018
6;Motion Fraktion SVP (Alexander Feuz/Roland Jakob, SVP): Schauplatzgasse: Verbesserung des Fussgängerschutzes durch Verbot des Velogegenverkehrs!;2018-167;Beschlossen;;05.04.2018
7;Motion Fraktion SVP (Alexander Feuz/Roland Jakob, SVP): Bärenplatz-Waisenhausplatz: Verbesserung des Fussgängerschutzes durch Verbot des Velogegenverkehrs!;2018-168;Beschlossen;;05.04.2018
8;Motion Fraktion SP (David Stampfli/Michael Sutter, SP): Zeughausgasse aufwerten;2018-169;Beschlossen;;05.04.2018
9;Motion Fraktion SP (David Stampfli/Michael Sutter, SP): Schauplatzgasse aufwerten;2018-170;Beschlossen;;05.04.2018
10;"Reglement vom 28. September 1997 über die Erhebung einer Übernachtungsabgabe (Übernachtungsabgabereglement: ÜAR; SSSB 664.21); Teilrevision; 1. Lesung";2018-171;Beschlossen;;05.04.2018
11;"Vereinbarungen mit dem BSC Young Boys (YB) und dem Schlittschuhclub Bern (SCB) betreffend Abgeltung Sicherheitskosten; Verpflichtungskredite";2018-172;Beschlossen;;05.04.2018
12;Interpellation Henri-Charles Beuchat (SVP): Berichterstattung der Kantonspolizei an den Stadtpräsidenten über die letzten zwölf Wochen – sexuelle Übergriffe im Umfeld der Reitschule;2018-173;Beschlossen;;05.04.2018
13;Motion Fraktion GB/JA! (Katharina Gallizzi, GB): Beitritt der ewb zum Netzwerk der öffentlichen europäischen Wasseranbieter „Aqua Publica Europea“;2018-174;Beschlossen;;05.04.2018
14;"Informatikdienste: WLAN und Netzanbindungen in Volksschulen und Kindergärten; Investitions- und Verpflichtungskredit";2018-175;Beschlossen;;05.04.2018
15;Stadtbauten Bern (StaBe): Gesamtschau der zu sanierenden städtischen Verwaltungsgebäude zuhanden des Stadtrats;2018-176;Beschlossen;;05.04.2018
16;Interfraktionelle Motion FDP, SVP, BDP/CVP (Christoph Zimmerli, FDP/Rudolf Friedli, SVP/Philip Kohli, BDP/Claudio Fischer, CVP): Unterhaltsnachholbedarf bei den städtischen Infrastrukturen: Zunahme der Verschuldung verhindern, vermehrt Public-Private-Partnership-Modelle nutzen;2018-177;Beschlossen;;05.04.2018
17;Interfraktionelle Motion SVP, FDP (Rudolf Friedli, SVP/Christoph Zimmerli, FDP/Philip Kohli, BDP): Gebührenbelastung reduzieren;2018-178;Beschlossen;;05.04.2018
18;Motion Fraktion SP/JUSO (Rithy Chheng, SP): Für mehr bezahlbare Wohnungen und fairere Mietverhältnisse in unserer Stadt dank Offenlegung des vorherigen Mietzinses;2018-179;Beschlossen;;05.04.2018
19;"Motion Fraktion SP (Rithy Chheng, SP): Charta – Zusammenarbeit zwischen der Stadt Bern und den gemeinnützigen Berner Wohnbauträgern; Begründungsbericht";2018-180;Beschlossen;;05.04.2018
20;Postulat Fraktion BDP/CVP (Milena Daphinoff, CVP/Andrin Soppelsa, BDP): Belebung der Altstadt durch Schaffung von neuem Wohnraum dank Verlagerung der städtischen Verwaltungseinrichtungen in periphere Stadtgebiete – ein prüfenswertes Szenario;2018-181;Beschlossen;;05.04.2018
21;Interpellation Fraktion SVP (Alexander Feuz, SVP): Offene Fragen zur Wohnbaupolitik des Gemeinderates? Auswirkungen auf das Viererfeld?;2018-182;Beschlossen;;05.04.2018
1;Protokollgenehmigungen Stadtrat 2018 (Protokoll Nr. 02 vom 25.01.2018 und Nr. 03 vom 01.02.2018);2018-137;Beschlossen;Genehmigung;22.03.2018
2;"Finanzdelegation (FD); Wahl für das Jahr 2018";2018-138;Beschlossen;Wahl;22.03.2018
3;Kleine Anfrage Luzius Theiler (GaP): Sportpalast Weissenstein, Zuschaueranlage ohne Zuschauer – Welches sind die finanziellen Konsequenzen?;2018-139;Beschlossen;Kenntnis;22.03.2018
4;Kleine Anfrage Claude Grosjean (GLP): Das Mobilfunkanlagenmoratorium schadet mehr, als es nützt – ist der Gemeinderat bereit, es aufzuheben?;2018-140;Beschlossen;Kenntnis;22.03.2018
5;Kleine Anfrage Fraktion SVP (Alexander Feuz, SVP): Velobrücke, Panoramabrücke: Was kosten die beabsichtigten Planungsänderungen hin zur kombinierten Velo-Busbrücke den Steuerzahler zusätzlich?;2018-141;Beschlossen;Kenntnis;22.03.2018
6;Kleine Anfrage Fraktion SVP (Alexander Feuz, SVP): Velobrücke, Panoramabrücke: Was haben die beabsichtigten Planungsänderungen hin zur kombinierten Velo-Busbrücke für den Steuerzahler für Folgen? Muss wieder enteignet werden?;2018-142;Beschlossen;Kenntnis;22.03.2018
7;Kleine Anfrage Henri-Charles Beuchat, Alexander Feuz (SVP): Die 26'000-Franken-Party der Stadt Bern;2018-143;Beschlossen;Kenntnis;22.03.2018
8;"Bauliche Anpassungen Reitschule: Baukredit; Abstimmungsbotschaft";2018-144;Beschlossen;Genehmigung;22.03.2018
9;Zonenplan-Änderung Rehhag (Abstimmungsbotschaft);2018-145;Beschlossen;Genehmigung;22.03.2018
10;Überbauungsordnung Rehhag;2018-146;Beschlossen;Genehmigung;22.03.2018
11;"Reglement über die Planungsmehrwertabgabe (Planungsmehrwertabgabereglement, PMAR); Erlass; 1. Lesung";2018-147;Beschlossen;Verabschiedung zuhanden 2. Lesung;22.03.2018
12;Interfraktionelle Parlamentarische Initiative GLP/JGLP, FDP/JF, SVP, BDP/CVP, AL/GPB-DA/PdA (Melanie Mettler, GLP/Bernhard Eicher, FDP/Alexander Feuz, SVP/Philip Kohli, BDP/Daniel Egloff, PdA): Neutrales Wahlverfahren bei den Stadtberner Wahlen;2018-148;Beschlossen;Verschiebung;22.03.2018
13;Postulat Fraktion SP (Michael Sutter/Benno Frauchiger, SP): ...und am Schluss warten alle noch auf Bern;2018-149;Beschlossen;Erheblicherkl.;22.03.2018
14;Postulat Fraktion SP (Katharina Altas/Marieke Kruit, SP): Jährliche Mietpreiserhebung der Ladenlokale in der Berner Altstadt (Unesco-Weltkulturerbe);2018-150;Beschlossen;Erheblicherkl.;22.03.2018
15;Dringliche interfraktionelle Motion SP/JUSO, GB/JA!, AL/GaP/PdA, GLP/JGLP (Michael Sutter/Timur Akçasayar, SP/Franziska Grossenbacher, GB/JA!/Zora Schneider, PdA/Christa Ammann, AL/Luzius Theiler, GaP/Melanie Mettler, GLP): NEIN zum massiven Kapazitätsausbau des Autobahnanschlusses Wankdorf und zu neuen Strassenflächen auf der Allmend!;2018-151;Beschlossen;Erheblicherkl. als Richtlinie;22.03.2018
16;Interfraktionelle Motion SP, GB/JA! (David Stampfli, SP/Cristina Anliker-Mansour, GB): Tempo 30 auf der Achse Viktoriarain-Viktoriastrasse;2018-152;Beschlossen;Verschiebung;22.03.2018
17;Postulat Fraktion SVP (Alexander Feuz/Roland Jakob, SVP): Schaffung neuer Begegnungszonen in Bern: Auch Hauseigentümer und Dienstbarkeitsberechtigte frühzeitig in den Entscheidungsprozess einbeziehen!;2018-153;Beschlossen;Verschiebung;22.03.2018
18;Motion Fraktion SVP (Alexander Feuz, SVP): Velowege an der Aare: Stopp unnötiger Planungskosten!;2018-154;Beschlossen;Verschiebung;22.03.2018
19;Motion Fraktion SP (Michael Sutter/David Stampfli, SP): Friedliches Nebeneinander von Fussgängerinnen und Velofahrern zwischen Schönausteg und Eichholz;2018-155;Beschlossen;Verschiebung;22.03.2018
20;Postulat Henri Beuchat und Alexander Feuz (SVP): Bettelnde Tram-Musiker nerven Passagiere in der Stadt Bern;2018-156;Beschlossen;Verschiebung;22.03.2018
21;Motion Fraktion SP (David Stampfli/Michael Sutter, SP): Zeughausgasse aufwerten;2018-157;Beschlossen;Verschiebung;22.03.2018
22;Motion Fraktion SP (David Stampfli/Michael Sutter, SP): Schauplatzgasse aufwerten;2018-158;Beschlossen;Verschiebung;22.03.2018
23;Motion Fraktion SVP (Alexander Feuz/Roland Jakob, SVP): Schauplatzgasse: Verbesserung des Fussgängerschutzes durch Verbot des Velogegenverkehrs!;2018-159;Beschlossen;Verschiebung;22.03.2018
24;Motion Fraktion SVP (Alexander Feuz/Roland Jakob, SVP): Bärenplatz-Waisenhausplatz: Verbesserung des Fussgängerschutzes durch Verbot des Velogegenverkehrs!;2018-160;Beschlossen;Verschiebung;22.03.2018
25;Postulat Fraktion SVP (Hans Ulrich Gränicher/Alexander Feuz, SVP): Erhöhen der Verkehrssicherheit für Fussgängerinnen und Fussgänger in der Berner Innenstadt durch Beschränken der Fahrgeschwindigkeit der Velofahrenden und/oder das Erlassen von Fahrverboten an stark frequentierten Orten;2018-161;Beschlossen;Verschiebung;22.03.2018
1;Kleine Anfrage Fraktion SVP (Alexander Feuz, SVP): Stadtverwaltung: Exklusive Vernetzungsanlässe statt Sitzungen? Waren von der Stadt Bern geförderte junge Künstler nicht gut genug für den Vernetzungsanlass der Kulturabteilung? Mit welchen weiteren Überraschungen muss der Steuerzahler noch rechnen?;2018-114;Beschlossen;Kenntnis;08.03.2018
2;Kleine Anfrage Lionel Gaudy (BDP): Dialog ohne Partner – warum werden im Breitenrain wichtige Anstösser ignoriert?;2018-115;Beschlossen;Kenntnis;08.03.2018
3;Kleine Anfrage Luzius Theiler (GaP): Besetzung der städtischen Liegenschaft Bahnstrasse 69: Ist der Gemeinderat bereit, zur Enthärtung der Fronten beizutragen und die Verhandlungen über einen Zwischennutzungsvertrag weiterzuführen?;2018-116;Beschlossen;Kenntnis;08.03.2018
4;Motion Tamara Funiciello (JUSO), Christa Ammann (AL), Janine Wicki (GFL): Freier 8. März – Gleichstellung jetzt!;2018-117;Beschlossen;Erheblicherkl. als Richtlinie;08.03.2018
5;Interfraktionelle Motion GB/JA!, SP, GFL/EVP, GLP (Regula Bühlmann, GB/Patrizia Mordini, SP/Janine Wicki, GFL/Melanie Mettler, GLP): Lohntransparenz in Stellenausschreibungen;2018-118;Beschlossen;Erheblicherkl.;08.03.2018
6;"Motion Fraktion GB/JA! (Sabine Baumgartner, GB): Förderung der Teilzeitarbeit für Stadtangestellte mit Betreuungspflichten; Begründungsbericht";2018-119;Beschlossen;Kenntnis;08.03.2018
7;"Motion Fraktion SP/JUSO (Margrith Beyeler-Graf/Raymond Anliker, SP): Neubau von einfachem, sehr günstigen Wohnraum in der Stadt Bern; Abschreibung Punkt 1";2018-120;Beschlossen;Abschreibung;08.03.2018
8;Interfraktionelle Motion AL/GPB-DA/PdA+, SP, GB/JA! (Christa Ammann, AL/Martin Krebs, SP/Franziska Grossenbacher, GB): Für mehr günstige Wohnungen mit Vermietungskriterien (GüWR)!;2018-121;Beschlossen;Teilweise Erheblicherkl.;08.03.2018
9;"Motion Fraktion SP (Rithy Chheng/Michael Sutter, SP): Städtisches Land nur für als Erstwohnsitz genutzten Wohnraum abgeben; Abschreibung";2018-122;Beschlossen;Abschreibung;08.03.2018
10;Interfraktionelle Motion SP/JUSO, GB/JA!, GFL/EVP (Johannes Wartenweiler, SP/Rahel Ruch, GB/Lukas Gutzwiller, GFL): Wohnbaufonds muss handlungsfähig sein – Globalkredit für den Erwerb von Liegenschaften und Grundstücken;2018-123;Beschlossen;Erheblicherkl.;08.03.2018
11;"Motion Kommission für Finanzen, Sicherheit und Umwelt FSU (Christine Michel, GB/JA!/Yasemin Cevik, SP): Strategie des Fonds für Boden- und Wohnbaupolitik zum Erwerb von preisgünstigem Wohn- und Gewerberaum in der Stadt Bern; Begründungsbericht";2018-124;Beschlossen;Kenntnis;08.03.2018
12;Interfraktionelle Motion FDP, SVP (Christoph Zimmerli, FDP/Rudolf Friedli, SVP/Philip Kohli, BDP): Fonds für Boden- und Wohnbaupolitik: Systemwechsel/Einführung der Subjektunterstützung;2018-125;Beschlossen;Ablehnung;08.03.2018
13;Motion Fraktion SP/JUSO (Rithy Chheng, SP): Für mehr bezahlbare Wohnungen und fairere Mietverhältnisse in unserer Stadt dank Offenlegung des vorherigen Mietzinses;2018-126;Beschlossen;Verschiebung;08.03.2018
14;"Motion Fraktion SP (Rithy Chheng, SP): Charta – Zusammenarbeit zwischen der Stadt Bern und den gemeinnützigen Berner Wohnbauträgern; Begründungsbericht";2018-127;Beschlossen;Verschiebung;08.03.2018
15;Stadtbauten Bern (StaBe): Gesamtschau der zu sanierenden städtischen Verwaltungsgebäude zuhanden des Stadtrats;2018-128;Beschlossen;Verschiebung;08.03.2018
16;Postulat Fraktion BDP/CVP (Milena Daphinoff, CVP/Andrin Soppelsa, BDP): Belebung der Altstadt durch Schaffung von neuem Wohnraum dank Verlagerung der städtischen Verwaltungseinrichtungen in periphere Stadtgebiete – ein prüfenswertes Szenario;2018-129;Beschlossen;Verschiebung;08.03.2018
17;Interfraktionelle Motion FDP, SVP, BDP/CVP (Christoph Zimmerli, FDP/Rudolf Friedli, SVP/Philip Kohli, BDP/Claudio Fischer, CVP): Unterhaltsnachholbedarf bei den städtischen Infrastrukturen: Zunahme der Verschuldung verhindern, vermehrt Public-Private-Partnership-Modelle nutzen;2018-130;Beschlossen;Verschiebung;08.03.2018
18;Interpellation Fraktion SVP (Alexander Feuz, SVP): Offene Fragen zur Wohnbaupolitik des Gemeinderates? Auswirkungen auf das Viererfeld?;2018-131;Beschlossen;Verschiebung;08.03.2018
19;Postulat Fraktion SP (Benno Frauchiger/Martin Krebs, SP): Alternative Arbeitszeitmodelle auch in der Exekutive: Einführung der Möglichkeit einer Teamkandidatur für den Gemeinderat;2018-132;Beschlossen;Verschiebung;08.03.2018
20;"Interfraktionelle Motion GFL/EVP, SP/JUSO (Verena Furrer-Lehmann, GFL/Margrith Beyeler-Graf, SP): Bestehenden Wohnraum sichern; Abschreibung Punkt 2";2018-133;Beschlossen;Verschiebung;08.03.2018
21;Postulat Fraktion SP (Gisela Vollmer, SP): Günstigen Wohnraum im Bestand erhalten;2018-134;Beschlossen;Verschiebung;08.03.2018
22;Postulat Fraktion SVP (Alexander Feuz/Kurt Rüegsegger/Hans Ulrich Gränicher, SVP): Fertig Luxusbauen! Bedürfnisse der Benutzer und Steuerzahler vermehrt berücksichtigen!;2018-135;Beschlossen;Verschiebung;08.03.2018
23;Interpellation Fraktion GB/JA! (Stéphanie Penher, GB): Anteil gemeinnütziger Wohnraum in der Stadt Bern;2018-136;Beschlossen;Verschiebung;08.03.2018
1;Kleine Anfrage Fraktion SVP (Alexander Feuz/Kurt Rüegsegger, SVP): Zone für alternative Wohnnutzungen im Riedbach: Zwischenstand? Gibt es doch rechtliche Probleme? Was kostet dieses Projekt den Steuerzahler bisher?;2018-91;Beschlossen;Kenntnis;01.03.2018
2;Kleine Anfrage Fraktion SVP (Alexander Feuz, SVP): Neues Bundesasylzentrum in Bern: Was ist geplant? Wird das Areal des Strassenverkehrs- und Schiffahrsamtes geprüft?;2018-92;Beschlossen;Kenntnis;01.03.2018
3;Bericht des Gemeinderats an den Stadtrat zur Agglomerationspolitik 2017;2018-93;Beschlossen;Kenntnis;01.03.2018
4;Agglomerationskommission (AKO): Tätigkeitsbericht für das Jahr 2017;2018-94;Beschlossen;Kenntnis;01.03.2018
5;"Interfraktionelles Postulat SP, GB/JA!, GFL/EVP, GLP (Peter Marbet, SP/Stéphanie Penher, GB/Daniela Lutz-Beck, GFL/Melanie Mettler, GLP): Kernregion Bern: Gemeinsame Entwicklung an die Hand nehmen; Prüfungsbericht";2018-95;Beschlossen;Genehmigung Prüf.bericht;01.03.2018
6;Interpellation Agglomerationskommission Stadt Bern (Ingrid Kissling-Näf, SP): Entwicklung der Stadtagglomeration Bern wohin?;2018-96;Beschlossen;Kenntnis;01.03.2018
7;Motion Fraktion SVP (Hans Ulrich Gränicher, SVP): Neugestaltung und quartierverträgliche Nutzung des Entsorgungshofs Egelsee als Naherholungsraum nach der Inbetriebnahme des Entsorgungshofs Schermen ab Sommer 2015;2018-97;Beschlossen;Genehmigung Prüf.bericht;01.03.2018
8;Motion Henri-Charles Beuchat (SVP): Die Herabwürdigung des Wappens oder der Fahne der Eidgenossenschaft oder eines Kantons in der Stadt Bern unterbinden;2018-98;Beschlossen;Ablehnung;01.03.2018
9;Interpellation Alexander Feuz (SVP) und Luzius Theiler (GPB-DA): Aaretalschutz und Viererfeld: wann erfolgt eine neue Auflage?;2018-99;Beschlossen;Kenntnis;01.03.2018
10;"Gleisersatz Brunnhof – Fischermätteli; Erhöhung Projektierungskredit";2018-100;Beschlossen;Bewilligung;01.03.2018
11;Motion Luzius Theiler (GPB-DA): Besserer Rechtsschutz für Bäume;2018-101;Beschlossen;Ablehnung;01.03.2018
12;Motion Fraktion SVP (Alexander Feuz/Hans Ulrich Gränicher, SVP): Der Baumbestand beim Bundeshaus und auf der Bundeterrasse muss erhalten werden!;2018-102;Beschlossen;Rückzug;01.03.2018
13;"Abteilung Feuerwehr, Zivilschutz und Quartieramt der Stadt Bern: Ersatz eines Tanklöschfahrzeugs für die Berufsfeuerwehr der Stadt Bern; Kredit";2018-103;Beschlossen;Bewilligung;01.03.2018
14;Postulat Fraktion SP (Katharina Altas/Halua Pinto de Magalhães, SP): Erhebung zur Wertschöpfung der „Kultur-“ und „Kreativwirtschaft“;2018-104;Beschlossen;Genehmigung Prüf.bericht;01.03.2018
15;Motion Fraktion AL/GPB-DA/PdA+ (Daniel Egloff, PdA): Missstände im Einbürgerungsverfahren beheben!;2018-105;Beschlossen;Erheblicherkl. als Richtlinie;01.03.2018
16;Motion Fraktion SVP (Roland Iseli, SVP): Einheitliche Logos auf sämtlichen Bechern beim Mehrweggeschirr am Zibelämärit!;2018-106;Beschlossen;Ablehnung;01.03.2018
17;Motion Henri-Charles Beuchat (SVP): Gewalttätige Konflikte durch ausländische Organisationen in der Bundeshauptstadt verhindern;2018-107;Beschlossen;Ablehnung;01.03.2018
18;Postulat Fraktion SVP (Alexander Feuz/Roland Jakob, SVP): Antifaschistische Abendspaziergänge und Hooligan-Märsche mit Gewaltpotential: Veranstalter und Unterstützer endlich zur Kasse und zur Verantwortung!;2018-108;Beschlossen;Ablehnung;01.03.2018
19;Motion Fraktion SVP (Alexander Feuz/Roland Jakob/Rudolf Friedli, SVP): Unbewilligte Kundgebungen: Das Kundgebungsreglement muss endlich angepasst werden!;2018-109;Beschlossen;Ablehnung;01.03.2018
20;Motion Henri-Charles Beuchat (SVP): Schluss mit Gewalt – klare Strukturen für die Reitschule;2018-110;Beschlossen;Ablehnung;01.03.2018
21;Interpellation Henri-Charles Beuchat (SVP): Berichterstattung der Kantonspolizei an den Stadtpräsidenten über die letzten zwölf Wochen – sexuelle Übergriffe im Umfeld der Reitschule;2018-111;Beschlossen;Verschiebung;01.03.2018
22;Motion Fraktion GB/JA! (Katharina Gallizzi, GB): Beitritt der ewb zum Netzwerk der öffentlichen europäischen Wasseranbieter „Aqua Publica Europea“;2018-112;Beschlossen;Verschiebung;01.03.2018
23;Interpellation Fraktion SP (Michael Sutter, SP): Fördert die Stadt Bern den Auto-Tourismus durchs Unesco-Welterbe?;2018-113;Beschlossen;Kenntnis;01.03.2018
1;Protokollgenehmigungen Stadtrat 2018 (Protokoll Nr. 01 vom 11.01.2018);2018-66;Beschlossen;Genehmigung;15.02.2018
2;Kleine Anfrage Luzius Theiler (GaP): Was genau soll Thomas Kessler in Bern machen?;2018-67;Beschlossen;Kenntnis;15.02.2018
3;Interfraktionelle Kleine Anfrage BDP/CVP, GLP/JGLP, FDP/JF (Michael Daphinoff, CVP/Marianne Schild, GLP/Claudine Esseiva, FDP): Versuchsbetrieb auf der Schützenmatte: Wer, wie, was und wann?;2018-68;Beschlossen;Kenntnis;15.02.2018
4;Kleine Anfrage Vivianne Esseiva, Claudine Esseiva (FDP): Wachstum an Firmen in der Stadt Bern;2018-69;Beschlossen;Kenntnis;15.02.2018
5;Kleine Anfrage Fraktion SVP (Alexander Feuz, SVP): Rückstufung Planung Bahnhof durch Bund: Was sind die konkreten Folgen? Gibt es noch andere Überraschungen für die Stadt?;2018-70;Beschlossen;Kenntnis;15.02.2018
6;Kleine Anfrage Luzius Theiler (GaP): Nachträgliches Baugesuch der Stadt für die «City-Golf»-Löcher;2018-71;Beschlossen;Kenntnis;15.02.2018
7;Kleine Anfrage Fraktion SVP (Alexander Feuz, SVP): Offene Fragen Wettbewerbsverfahren Viererfeld: Ist der Wettbewerb mit der Planung mit dem Kanton abgesprochen und koordiniert? Ist der versprochene Park auch langfristig garantiert? Gibt es weitere Einschränkungen?;2018-72;Beschlossen;Kenntnis;15.02.2018
8;"Gebietsentwicklung Chantier Bümpliz Nord-West; Kredit";2018-73;Beschlossen;Bewilligung;15.02.2018
9;"Gesamtsanierung Volksschule Schwabgut; Projektierungskrediterhöhung";2018-74;Beschlossen;Bewilligung;15.02.2018
10;Dringliche interfraktionelle Motion GB/JA!, SP/JUSO, FDP/JF, BDP/CVP, AL/GaP/PdA, GLP/JGLP (Lea Bill, GB/Seraina Patzen, JA!/Marieke Kruit/Yasemin Cevik, SP/Claudine Esseiva, FDP/Philip Kohli, BDP/Christa Ammann, AL/Zora Schneider, PdA/Melanie Mettler, GLP): Cannabis-Pilotprojekt – jetzt erst recht!;2018-75;Beschlossen;Erheblicherkl. als Richtlinie;15.02.2018
11;"Interfraktionelle Motion GB/JA!, GLP (Hasim Sancar, GB/Claude Grosjean, GLP): Finanz-Oberaufsicht des Stadtrates stärken!; Abschreibung";2018-76;Beschlossen;Fristverl.;15.02.2018
12;Interfraktionelle Motion SVP, FDP, BDP/CVP (Rudolf Friedli, SVP/Christoph Zimmerli, FDP/Philip Kohli, BDP/Claudio Fischer, CVP): Keine unzulässige Konkurrenzierung privater Anbieter – Tätigkeit der Stadtverwaltung strikte auf öffentliche Aufgaben beschränken;2018-77;Beschlossen;Ablehnung;15.02.2018
13;Interpellation Fraktion SVP (Alexander Feuz/Roland Jakob, SVP): Offene Rechtsfragen um die Reithalle: Handelt es sich hier um Beschaffung von Leistungen gemäss öffentlichem Beschaffungsrecht oder um Vergabe einer Subvention? Zahlt die Reitschule Steuern (Mehrwertsteuer und direkte Steuern)?;2018-78;Beschlossen;Kenntnis;15.02.2018
14;Interfraktionelles Postulat SVP, FDP (Rudolf Friedli, SVP/Christoph Zimmerli, FDP/Philip Kohli, BDP/Matthias Stürmer, EVP): Städtische Aufgaben vermehrt auslagern;2018-79;Beschlossen;Ablehnung;15.02.2018
15;Interfraktionelle Motion SVP, FDP (Rudolf Friedli, SVP/Christoph Zimmerli, FDP/Philip Kohli, BDP): Gebührenbelastung reduzieren;2018-80;Beschlossen;Verschiebung;15.02.2018
16;Motion Ingrid Kissling-Näf (SP) und Ueli Jaisli (SVP): Renovation der sanitären Anlagen im Marzili;2018-81;Beschlossen;Erheblicherkl.;15.02.2018
17;Interfraktionelle Motion FDP, SVP, BDP/CVP (Christoph Zimmerli, FDP/Rudolf Friedli, SVP/Philip Kohli, BDP/Claudio Fischer, CVP): Unterhaltsnachholbedarf bei den städtischen Infrastrukturen: Zunahme der Verschuldung verhindern, vermehrt Public-Private-Partnership-Modelle nutzen;2018-82;Beschlossen;Verschiebung;15.02.2018
18;Interfraktionelle Motion FDP, SVP (Christoph Zimmerli, FDP/Rudolf Friedli, SVP/Philip Kohli, BDP): Fonds für Boden- und Wohnbaupolitik: Systemwechsel/Einführung der Subjektunterstützung;2018-83;Beschlossen;Verschiebung;15.02.2018
19;Interfraktionelle Motion SP/JUSO, GB/JA!, GFL/EVP (Johannes Wartenweiler, SP/Rahel Ruch, GB/Lukas Gutzwiller, GFL): Wohnbaufonds muss handlungsfähig sein – Globalkredit für den Erwerb von Liegenschaften und Grundstücken;2018-84;Beschlossen;Verschiebung;15.02.2018
20;"Motion Kommission für Finanzen, Sicherheit und Umwelt FSU (Christine Michel, GB/JA!/Yasemin Cevik, SP): Strategie des Fonds für Boden- und Wohnbaupolitik zum Erwerb von preisgünstigem Wohn- und Gewerberaum in der Stadt Bern; Begründungsbericht";2018-85;Beschlossen;Verschiebung;15.02.2018
21;Motion Fraktion SP/JUSO (Rithy Chheng, SP): Für mehr bezahlbare Wohnungen und fairere Mietverhältnisse in unserer Stadt dank Offenlegung des vorherigen Mietzinses;2018-86;Beschlossen;Verschiebung;15.02.2018
22;Interfraktionelle Motion AL/GPB-DA/PdA+, SP, GB/JA! (Christa Ammann, AL/Martin Krebs, SP/Franziska Grossenbacher, GB): Für mehr günstige Wohnungen mit Vermietungskriterien (GüWR)!;2018-87;Beschlossen;Verschiebung;15.02.2018
23;"Motion Fraktion SP (Rithy Chheng, SP): Charta – Zusammenarbeit zwischen der Stadt Bern und den gemeinnützigen Berner Wohnbauträgern; Begründungsbericht";2018-88;Beschlossen;Verschiebung;15.02.2018
24;Postulat Fraktion BDP/CVP (Milena Daphinoff, CVP/Andrin Soppelsa, BDP): Belebung der Altstadt durch Schaffung von neuem Wohnraum dank Verlagerung der städtischen Verwaltungseinrichtungen in periphere Stadtgebiete – ein prüfenswertes Szenario;2018-89;Beschlossen;Verschiebung;15.02.2018
25;Interpellation Fraktion SVP (Alexander Feuz, SVP): Offene Fragen zur Wohnbaupolitik des Gemeinderates? Auswirkungen auf das Viererfeld?;2018-90;Beschlossen;Verschiebung;15.02.2018
1;"Kleine Anfrage Fraktion SVP (Alexander Feuz, SVP): Gesprächskultur mit der Reithalle: gescheiterter Moderationsversuch Wiprächtiger; ausser Spesen nichts gewesen: Was soll mit der Einschaltung Thomas Kesslers und des Stadtpräsidenten nun besser werden? Was zieht die Stadt für Konsequenzen?";2018-43;Beschlossen;Kenntnis;01.02.2018
2;"Dachsanierung Volksschule Bümpliz; Projektierungs- und Baukredit";2018-44;Beschlossen;Bewilligung;01.02.2018
3;"Kirchenfeldbrücke: Verstärkung der Brückenkonstruktion und Gleisersatz mit Brückenoberbausanierung: Ausführungskredit; Kostenanteil der Stadt Bern";2018-45;Beschlossen;Bewilligung;01.02.2018
4;Motion Fraktion BDP/CVP (Michael Daphinoff, CVP/Isabelle Heer, BDP): Inklusion konkret: Pilotprojekt „Mobilitätshilfen“ im Stadtzentrum für mobilitätseingeschränkte Personen realisieren;2018-46;Beschlossen;Ablehnung;01.02.2018
5;Motion Fraktion BDP/CVP (Michael Daphinoff, CVP/Kurt Hirsbrunner, BDP): Inklusion konkret: Pilotprojekt „Mobilitätshilfen“ für mobilitätseingeschränkte Personen auf einem grossen städtischen Friedhof realisieren;2018-47;Beschlossen;Genehmigung Prüf.bericht;01.02.2018
6;Motion Fraktion BDP/CVP (Michael Daphinoff, CVP/Martin Schneider, BDP):  Fördermassnahmen für mehr Elektromobilität in Bern;2018-48;Beschlossen;Teilweise Erheblicherkl. als Postulat;01.02.2018
7;Motion Fraktion SP (Benno Frauchiger, SP): Elektromobilität für alle – Anwohnerparkplätze mit Stromanschluss;2018-49;Beschlossen;Erheblicherkl. als Postulat;01.02.2018
8;Motion Fraktion SP (Michael Sutter/Ingrid Kissling-Näf, SP): Harmonisierung der Parkgebühren in der Berner Altstadt;2018-50;Beschlossen;Erheblicherkl. als Postulat;01.02.2018
9;Motion Fraktion SVP (Manfred Blaser/Roland Jakob, SVP): Verkehrssicherheit im Schul- und Kindergartenumfeld an der Bümplizstrasse fördern!;2018-51;Beschlossen;Ablehnung;01.02.2018
10;Postulat Fraktion SP (David Stampfli SP): Sicheres Schulumfeld in der Länggasse;2018-52;Beschlossen;Erheblicherkl.;01.02.2018
11;Postulat Fraktion GB/JA! (Leena Schmitter, GB): Globale Verantwortung für Menschenrechte ernst nehmen: Schützenmatte wird Luciano-Romero-Platz!;2018-53;Beschlossen;Ablehnung;01.02.2018
12;Postulat Manuel C. Widmer (GFL): Wenn statt dem Zytglogge ein Bernmobil-Bus auf dem Ferienfoto in Japan prangt…;2018-54;Beschlossen;Ablehnung;01.02.2018
13;Interfraktionelle Motion SP, GB/JA! (Peter Marbet, SP/Franziska Grossenbacher, GB): Schliessung Bahnunterführung Steigerhubelstrasse für den MIV;2018-55;Beschlossen;Erheblicherkl. als Richtlinie;01.02.2018
14;Postulat Fraktion GB/JA! (Seraina Patzen, JA!/Franziska Grossenbacher, GB): Gesamtnutzungskonzept für den öffentlichen Raum in der Innenstadt;2018-56;Beschlossen;Erheblicherkl.;01.02.2018
15;Postulat Fraktion SVP (Alexander Feuz/Roland Jakob, SVP): „Fürio, in Bärn läuets“ und die Poller stoppen die Feuerwehr!;2018-57;Beschlossen;Ablehnung;01.02.2018
16;Interpellation Fraktion FDP (Bernhard Eicher, FDP): Fragen zur Förderung von Carsharing;2018-58;Beschlossen;Kenntnis;01.02.2018
17;Motion Luzius Theiler (GPB-DA): Besserer Rechtsschutz für Bäume;2018-59;Beschlossen;Verschiebung;01.02.2018
18;Postulat Fraktion SP (Katharina Altas/Halua Pinto de Magalhães, SP): Erhebung zur Wertschöpfung der „Kultur-“ und „Kreativwirtschaft“;2018-60;Beschlossen;Verschiebung;01.02.2018
19;Motion Fraktion AL/GPB-DA/PdA+ (Daniel Egloff, PdA): Missstände im Einbürgerungsverfahren beheben!;2018-61;Beschlossen;Verschiebung;01.02.2018
20;Motion Fraktion SVP (Roland Iseli, SVP): Einheitliche Logos auf sämtlichen Bechern beim Mehrweggeschirr am Zibelämärit!;2018-62;Beschlossen;Verschiebung;01.02.2018
21;Motion Henri-Charles Beuchat (SVP): Gewalttätige Konflikte durch ausländische Organisationen in der Bundeshauptstadt verhindern;2018-63;Beschlossen;Verschiebung;01.02.2018
22;Postulat Fraktion SVP (Alexander Feuz/Roland Jakob, SVP): Antifaschistische Abendspaziergänge und Hooligan-Märsche mit Gewaltpotential: Veranstalter und Unterstützer endlich zur Kasse und zur Verantwortung!;2018-64;Beschlossen;Verschiebung;01.02.2018
23;Motion Henri-Charles Beuchat (SVP): Schluss mit Gewalt – klare Strukturen für die Reitschule;2018-65;Beschlossen;Verschiebung;01.02.2018
1;Protokollgenehmigungen Stadtrat 2017 (Protokoll Nr. 20 vom 09.11.2017, Nr. 21 vom 16.11.2017, Nr. 22 vom 30.11.2017 und Nr. 23 vom 07.12.2017);2018-20;Beschlossen;Genehmigung;25.01.2018
2;Kleine Anfrage Fraktion SVP (Alexander Feuz, SVP): Besetzte städtische Liegenschaften: Was sind die straf- und zivilrechtlichen Folgen für die Besetzer? Was zahlt der Steuerzahler, dem Steuersenkungen verweigert wurden, für die permissive Haltung des Gemeinderates drauf?;2018-21;Beschlossen;Kenntnis;25.01.2018
3;Kleine Anfrage Fraktion SVP (Alexander Feuz, SVP): Umbau Volksschule Kirchenfeld: Welche Optionen für Provisorien werden vom Gemeinderat geprüft? Auch solche im Quartier?;2018-22;Beschlossen;Kenntnis;25.01.2018
4;"Gaswerkareal: Bericht Entwicklungs- und Planungsprozess; Bisherige Arbeiten und vorgesehenes Planänderungsverfahren";2018-23;Beschlossen;Kenntnis;25.01.2018
5;"Interfraktionelle Motion GB/JA!, GLP (Franziska Grossenbacher, GB/Sandra Ryser, GLP): Städtebaulicher Wettbewerb auf dem Gaswerkareal; Fristverlängerung";2018-24;Beschlossen;Fristverl.;25.01.2018
6;"Motion Fraktion GB/JA! (Stéphanie Penher, GB/Lea Bill, JA!): Gaswerkareal: Art und Mass der Nutzung definiert die Stadt; Fristverlängerung";2018-25;Beschlossen;Fristverl.;25.01.2018
7;Interpellation Fraktion GLP (Melanie Mettler, GLP): Wie und wann startet der Gemeinderat die nächsten Planungsschritte für das Gaswerkareal?;2018-26;Beschlossen;Kenntnis;25.01.2018
8;Ratssekretariat: Antrag auf provisorische Anstellung einer Ratssekretärin;2018-27;Beschlossen;Wahl;25.01.2018
9;Dringliche interfraktionelle Interpellation Fraktionen GB/JA!, GFL/EVP (Stéphanie Penher, GB/Brigitte Hilty Haller, GFL): Die No Billag-Initiative und die Konsequenzen für die Stadt Bern;2018-28;Beschlossen;Kenntnis;25.01.2018
10;Dringliche interfraktionelle Interpellation SVP, FDP/JF, BDP/CVP (Alexander Feuz, SVP/Bernhard Eicher, FDP/Michael Daphinoff, CVP): Abgeltung von Planungsmehrwerten: will die Stadt nicht aus den Fehlern von Köniz lernen und ihr Reglement entschärfen?;2018-29;Beschlossen;Kenntnis;25.01.2018
11;Dringliche interfraktionelle Motion SVP, BDP/CVP (Alexander Feuz/Rudolf Friedli, SVP/Lionel Gaudy, BDP/Milena Daphinoff, CVP): Pacta sunt servanda! Mit der Planung für Wohnraum im Ziegler ist endlich zu beginnen!;2018-30;Beschlossen;Kenntnis;25.01.2018
12;Dringliche Motion Fraktion SVP (Alexander Feuz, SVP): Militärkaserne Bern: Angebot des Gemeinderates, Provisorium, Providurium, Definitivum? Schluss mit der leichtsinnigen Vergabe von besten zentralen Wohnlagen für den Asylbereich!;2018-31;Beschlossen;Ablehnung;25.01.2018
13;"Grundstück Bern 5/1354 (Lorrainestrasse 49 und 60, 3014 Bern): Widmung und Entwidmung; Projektierungskredit Gesamtsanierung Lorrainestrasse 49";2018-32;Beschlossen;Bewilligung;25.01.2018
14;Interfraktionelle Motion FDP, SVP, BDP/CVP (Christoph Zimmerli, FDP/Rudolf Friedli, SVP/Philip Kohli, BDP/Claudio Fischer, CVP): Personalbestand: Stellenplan als Steuerungsinstrument wieder einführen;2018-33;Beschlossen;Ablehnung;25.01.2018
15;Interfraktionelles Postulat BDP/CVP, FDP, GLP, GFL/EVP (Andrin Soppelsa, BDP/Bernhard Eicher, FDP/Claude Grosjean, GLP/Matthias Stürmer, EVP): Pilotversuch: Arbeitszeit auf Vertrauen im Kader der Stadtverwaltung Bern;2018-34;Beschlossen;Rückzug;25.01.2018
16;Interfraktionelle Motion SVP, FDP, BDP/CVP (Rudolf Friedli, SVP/Christoph Zimmerli, FDP/Philip Kohli, BDP/Claudio Fischer, CVP): Keine unzulässige Konkurrenzierung privater Anbieter – Tätigkeit der Stadtverwaltung strikte auf öffentliche Aufgaben beschränken;2018-35;Beschlossen;Verschiebung;25.01.2018
17;Interpellation Fraktion SVP (Alexander Feuz/Roland Jakob, SVP): Offene Rechtsfragen um die Reithalle: Handelt es sich hier um Beschaffung von Leistungen gemäss öffentlichem Beschaffungsrecht oder um Vergabe einer Subvention? Zahlt die Reitschule Steuern (Mehrwertsteuer und direkte Steuern)?;2018-36;Beschlossen;Verschiebung;25.01.2018
18;Interfraktionelles Postulat SVP, FDP (Rudolf Friedli, SVP/Christoph Zimmerli, FDP/Philip Kohli, BDP/Matthias Stürmer, EVP): Städtische Aufgaben vermehrt auslagern;2018-37;Beschlossen;Verschiebung;25.01.2018
19;Interfraktionelle Motion SVP, FDP (Rudolf Friedli, SVP/Christoph Zimmerli, FDP/Philip Kohli, BDP): Gebührenbelastung reduzieren;2018-38;Beschlossen;Verschiebung;25.01.2018
20;Motion Ingrid Kissling-Näf (SP) und Ueli Jaisli (SVP): Renovation der sanitären Anlagen im Marzili;2018-39;Beschlossen;Verschiebung;25.01.2018
21;Interfraktionelle Motion FDP, SVP (Christoph Zimmerli, FDP/Rudolf Friedli, SVP/Philip Kohli, BDP): Fonds für Boden- und Wohnbaupolitik: Systemwechsel/Einführung der Subjektunterstützung;2018-40;Beschlossen;Verschiebung;25.01.2018
22;"Interfraktionelle Motion GB/JA!, GLP (Hasim Sancar, GB/Claude Grosjean, GLP): Finanz-Oberaufsicht des Stadtrates stärken!; Abschreibung";2018-41;Beschlossen;Verschiebung;25.01.2018
23;Interfraktionelle Motion FDP, SVP, BDP/CVP (Christoph Zimmerli, FDP/Rudolf Friedli, SVP/Philip Kohli, BDP/Claudio Fischer, CVP): Unterhaltsnachholbedarf bei den städtischen Infrastrukturen: Zunahme der Verschuldung verhindern, vermehrt Public-Private-Partnership-Modelle nutzen;2018-42;Beschlossen;Verschiebung;25.01.2018
1;Wahl des Präsidiums und des Büros des Stadtrates für das Jahr 2018;2018-1;Beschlossen;Wahl;11.01.2018
2;Aufsichtskommission (AK): Wahl des Präsidiums und des Vizepräsidiums für das Jahr 2018;2018-2;Beschlossen;Wahl;11.01.2018
3;Kommission für Finanzen, Sicherheit und Umwelt (FSU): Ersatzwahl eines Mitglieds, Wahl des Präsidiums und des Vizepräsidiums für das Jahr 2018;2018-3;Beschlossen;Wahl;11.01.2018
4;Kommission für Planung, Verkehr und Stadtgrün (PVS): Ersatzwahl eines Mitglieds, Wahl des Präsidiums und des Vizepräsidiums für das Jahr 2018;2018-4;Beschlossen;Wahl;11.01.2018
5;Kommission für Soziales, Bildung und Kultur (SBK): Ersatzwahl eines Mitglieds, Wahl des Präsidiums und des Vizepräsidiums für das Jahr 2018;2018-5;Beschlossen;Wahl;11.01.2018
6;Agglomerationskommission (AKO): Ersatzwahl eines Mitglieds, Wahl des Präsidiums und des Vizepräsidiums für das Jahr 2018;2018-6;Beschlossen;Wahl;11.01.2018
7;Wahl in Schulkommission (Schulkommission Mattenhof-Weissenbühl);2018-7;Beschlossen;Wahl;11.01.2018
8;Kleine Anfrage Henri-Charles Beuchat (SVP): Nachgang zum Verpflichtungskredit Velo-Kampagne – SR Sitzung vom 16. November 2017;2018-8;Beschlossen;Kenntnis;11.01.2018
9;Kleine Anfrage Barbara Freiburghaus (FDP), Milena Daphinoff (CVP): Wie setzt sich das Preisgericht beim städtebaulichen Wettbewerb Viererfeld/Mittelfeld zusammen?;2018-9;Beschlossen;Kenntnis;11.01.2018
10;Dringliche Interpellation Lionel Gaudy, Philip Kohli (BDP): Schülerinnen und Schüler auf der Strasse – trotz Anspruch auf Grundschulunterricht;2018-10;Beschlossen;Kenntnis;11.01.2018
11;Interfraktionelles Postulat SP, GFL, BDP/CVP (Peter Marbet, SP/Tania Espinoza Haller, GFL/Kurt Hirsbrunner, BDP/Claudio Fischer, CVP): Lehre statt Sozialhilfe;2018-11;Beschlossen;Erheblicherkl.;11.01.2018
12;Jugendmotion (Paula Zysset/Frédéric Mader): EWB-Stromkästen von jungen Künstler/innen übermalen/übersprayen lassen;2018-12;Beschlossen;Kenntnis;11.01.2018
13;Interfraktionelle Motion SVP, FDP (Rudolf Friedli, SVP/Christoph Zimmerli, FDP/Philip Kohli, BDP): ewb: unechte Gewinnablieferungen beschränken, Rechtsform ändern und Dotationskapital verzinsen;2018-13;Beschlossen;Ablehnung;11.01.2018
14;Interfraktionelle Interpellation BDP/CVP, FDP, SVP (Philip Kohli, BDP/Claudio Fischer, CVP/Christoph Zimmerli, FDP/Roland Jakob, SVP/Matthias Stürmer, EVP): ewb: strategische Risiken reduzieren und weitere Preiserhöhungen stoppen;2018-14;Beschlossen;Kenntnis;11.01.2018
15;Interfraktionelle Motion GFL/EVP, BDP/CVP, FDP (Matthias Stürmer, EVP/Manuel C. Widmer, GFL/Philip Kohli, BDP/Bernhard Eicher, FDP): Neuanfang kostenloses WLAN in der Stadt Bern: Schaffung einer breit abgestützten Trägerschaft;2018-15;Beschlossen;Ablehnung;11.01.2018
16;Postulat Fraktion SP (Katharina Altas/Halua Pinto de Magalhães, SP): Erhebung zur Wertschöpfung der „Kultur-“ und „Kreativwirtschaft“;2018-16;Beschlossen;Verschiebung;11.01.2018
17;Motion Fraktion BDP/CVP (Michael Daphinoff, CVP/Isabelle Heer, BDP): Inklusion konkret: Pilotprojekt „Mobilitätshilfen“ im Stadtzentrum für mobilitätseingeschränkte Personen realisieren;2018-17;Beschlossen;Verschiebung;11.01.2018
18;Motion Fraktion BDP/CVP (Michael Daphinoff, CVP/Kurt Hirsbrunner, BDP): Inklusion konkret: Pilotprojekt „Mobilitätshilfen“ für mobilitätseingeschränkte Personen auf einem grossen städtischen Friedhof realisieren;2018-18;Beschlossen;Verschiebung;11.01.2018
19;Motion Fraktion BDP/CVP (Michael Daphinoff, CVP/Martin Schneider, BDP):  Fördermassnahmen für mehr Elektromobilität in Bern;2018-19;Beschlossen;Verschiebung;11.01.2018
